id;descripcion;precio_normal;precio_descuento;imagen_url;tallas;categoria
1;Conjunto camisa manga sisa + falda con boleros para niña;179990.00;NULL;Imagen no disponible;10, 12, 14, 8;Outlet
2;Buzo para bebé niño cerrado;45594.00;75990.00;https://offcorss.vtexassets.com/arquivos/ids/861360/31134401-Verde-12-0525_1.jpg?v=638584681006430000;0-3M, 12M, 18M, 24M, 3-6M, 6-9M;Outlet
3;Jardinera para bebé niña;53994.00;89990.00;https://offcorss.vtexassets.com/arquivos/ids/861384/32081271-Morado-15-3520_1.jpg?v=638584681252430000;0-3M, 12M, 18M, 24M, 3-6M, 6-9M;Outlet
4;Sudadera para niño;63594.00;105990.00;https://offcorss.vtexassets.com/arquivos/ids/861461/51269711-Azul-19-4024_1.jpg?v=638584681880200000;10, 12, 14, 16, 8;Outlet
5;Buzo para bebé niño abierto con capucha;47994.00;79990.00;https://offcorss.vtexassets.com/arquivos/ids/861336/31134391-Cafe-12-0601_1.jpg?v=638584680530330000;0-3M, 12M, 18M, 24M, 3-6M, 6-9M;Outlet
6;Sudadera para niña;53994.00;89990.00;https://offcorss.vtexassets.com/arquivos/ids/861441/42263761-Violeta-13-3820_1.jpg?v=638584681760670000;2T, 3T, 4T, 5T, 6;Outlet
7;Camiseta croptop para niña manga corta;29994.00;49990.00;https://offcorss.vtexassets.com/arquivos/ids/861481/52344632-Blanco-10-0000_1.jpg?v=638584681994700000;10, 12, 14, 16, 8;Outlet
8;Short para niña;41994.00;69990.00;https://offcorss.vtexassets.com/arquivos/ids/861426/42053991-Cafe-12-0601_1.jpg?v=638584681657070000;2T, 3T, 4T, 5T, 6;Outlet
9;Conjunto para bebé niño de camiseta + sudadera;51594.00;85990.00;Imagen no disponible;0-3M, 12M, 18M, 24M, 3-6M, 6-9M;Outlet
10;Body para bebé niña manga corta;23994.00;39990.00;https://offcorss.vtexassets.com/arquivos/ids/863678/Body-para-recien-nacida-niña-manga-corta.jpg?v=638600395374600000;0-3M, 12M, 18M, 24M, 3-6M, 6-9M;Outlet
11;Vestido de baño tankini para niña;87594.00;145990.00;Imagen no disponible;10, 12, 14, 16, 8;Outlet
12;Pantalón para niña;65994.00;109990.00;https://offcorss.vtexassets.com/arquivos/ids/858635/42264051-Amarillo-11-0602_1.jpg?v=638557105772330000;2T, 3T, 4T, 5T, 6;Outlet
13;Body manga corta para bebé niño;11940.00;19900.00;https://offcorss.vtexassets.com/arquivos/ids/858614/31114771-Azul-18-3946_1.jpg?v=638557038180800000;12M, 18M, 3-6M, 6-9M;Outlet
14;Camiseta para niña manga sisa con recogidos en hombros;29994.00;49990.00;Imagen no disponible;2T, 3T, 4T, 5T, 6;Outlet
15;Chaqueta para niña en denim silueta trucker;93594.00;155990.00;Imagen no disponible;10, 12, 14, 16, 8;Outlet
16;Pantalón para niño con bolsillos asimétricos;69594.00;115990.00;Imagen no disponible;2T, 3T, 4T, 5T, 6;Outlet
17;Camiseta para niño manga corta con bolsillo;39594.00;65990.00;Imagen no disponible;10, 12, 14, 16, 8;Outlet
18;Chaqueta para niña rompevientos;83994.00;139990.00;Imagen no disponible;L, M, S, XS;Outlet
19;Sudadera para niña silueta wide leg;71994.00;119990.00;Imagen no disponible;L, M, S, XS;Outlet
20;Buzo para niño cerrado con bolsillo;57594.00;95990.00;Imagen no disponible;2T, 3T, 4T, 5T, 6;Outlet
21;Sudadera para niña con bolsillos;53994.00;89990.00;Imagen no disponible;2T, 3T, 4T, 5T, 6;Outlet
22;Overall largo para niña con bolsillos;71994.00;119990.00;Imagen no disponible;2T, 3T, 4T, 5T, 6;Outlet
23;Conjunto para niña de camiseta manga corta + pantalón;95994.00;159990.00;Imagen no disponible;10, 12, 14, 16, 8;Outlet
24;Chaleco para niña con bolsillos de parche;53994.00;89990.00;https://offcorss.vtexassets.com/arquivos/ids/857806/42280001-Amarillo-11-0604_1.jpg?v=638545062071670000;L, M, S;Outlet
25;Camisa manga corta para niño;53994.00;89990.00;Imagen no disponible;2T, 3T, 4T, 5T, 6;Outlet
26;Conjunto para niña de camisa manga sisa + pantalón;87594.00;145990.00;Imagen no disponible;2T, 3T, 4T, 5T, 6;Outlet
27;Pantalón para niña silueta slouchy;59994.00;99990.00;Imagen no disponible;2T, 3T, 4T, 5T, 6;Outlet
28;Conjunto para niña de camiseta manga corta + short deportivo;81594.00;135990.00;Imagen no disponible;L, M, S, XS;Outlet
29;Chaleco para niña con bolsillos de parche;53994.00;89990.00;Imagen no disponible;XS, XXS;Outlet
30;Vestido para niña manga corta con frente cruzado;63594.00;105990.00;Imagen no disponible;10, 12, 14, 16, 8;Outlet
31;Conjunto para niña de top + panty tipo boxer;34794.00;57990.00;https://offcorss.vtexassets.com/arquivos/ids/858037/52203321-Violeta-15-3412_1.jpg?v=638545063183300000;L, M, S;Outlet
32;Camisa para niña manga corta con botones;53994.00;89990.00;Imagen no disponible;10, 12, 14, 16, 8;Outlet
33;Vestido para niña manga larga con cuello;75594.00;125990.00;Imagen no disponible;2T, 3T, 4T, 5T, 6;Outlet
34;Buzo para niño oversize con estampado en espalda;63594.00;105990.00;Imagen no disponible;10, 12, 14, 16, 8;Outlet
35;Conjunto para niña de camiseta manga corta + pantalón;95994.00;159990.00;Imagen no disponible;10, 12, 14, 16, 8;Outlet
36;Sudadera para niña con bolsillos;53994.00;89990.00;Imagen no disponible;2T, 3T, 4T, 5T, 6;Outlet
37;Tenis para niña deportivos;99594.00;165990.00;Imagen no disponible;30, 31, 32, 33, 34, 35, 36, 37, 38, 39;Outlet
38;Camiseta para niño tipo polo;47994.00;79990.00;Imagen no disponible;10, 12, 14, 16, 8;Outlet
39;Camiseta para niño tipo polo con bolsillo;45594.00;75990.00;Imagen no disponible;2T, 3T, 4T, 5T, 6;Outlet
40;Tenis para niño con bloques de color;93594.00;155990.00;Imagen no disponible;22, 23, 24, 25, 26, 27, 28, 29;Outlet
41;Bermuda para niño con bolsillo asimétrico;69594.00;115990.00;Imagen no disponible;10, 12, 14, 16, 8;Outlet
42;Jean super skinny para niña;71994.00;119990.00;Imagen no disponible;2T, 3T, 4T, 5T, 6;Outlet
43;Camiseta para niño manga corta con bolsillo;29994.00;49990.00;Imagen no disponible;2T, 3T, 4T, 5T, 6;Outlet
44;Vestido de baño tankini para bebé niña;75594.00;125990.00;https://offcorss.vtexassets.com/arquivos/ids/848975/42022181-Naranja-16-1462_1.jpg?v=638497574288070000;12M, 18M, 24M, 6-9M;Outlet
45;Vestido de baño entero manga sisa para bebé niña;63594.00;105990.00;Imagen no disponible;12M, 18M, 24M, 6-9M;Outlet
46;Camiseta de baño manga larga para bebé niño;59994.00;99990.00;Imagen no disponible;12M, 18M, 24M, 6-9M;Outlet
47;Pantaloneta de baño para bebé niño;57594.00;95990.00;https://offcorss.vtexassets.com/arquivos/ids/830676/41058561-Azul-19-3921_1.jpg?v=638423226806670000;12M, 18M, 24M, 6-9M;Outlet
48;Pantaloneta de baño para bebé niño;57594.00;95990.00;https://offcorss.vtexassets.com/arquivos/ids/830639/41058551-Azul-18-3949_1.jpg?v=638423226576830000;12M, 18M, 24M, 6-9M;Outlet
49;Pantaloneta de baño para bebé niño;57594.00;95990.00;Imagen no disponible;12M, 18M, 24M, 6-9M;Outlet
50;Camiseta de baño manga larga para bebé niño;59994.00;99990.00;https://offcorss.vtexassets.com/arquivos/ids/830794/41337021-Azul-18-3949_1.jpg?v=638423227681170000;12M, 18M, 24M, 6-9M;Outlet
51;Camiseta de baño manga larga para bebé niño;59994.00;99990.00;https://offcorss.vtexassets.com/arquivos/ids/830713/41337001-Azul-19-3921_1.jpg?v=638423227057530000;12M, 18M, 24M, 6-9M;Outlet
52;Vestido de baño bikini doble faz para bebé niña;63594.00;105990.00;Imagen no disponible;12M, 18M, 24M, 6-9M;Outlet
53;Vestido de baño entero para bebé niña;75594.00;125990.00;https://offcorss.vtexassets.com/arquivos/ids/848993/42022191-Violeta-14-3812_1.jpg?v=638497574368770000;12M, 18M, 24M, 6-9M;Outlet
54;Vestido de baño entero manga sisa para bebé niña;59994.00;99990.00;Imagen no disponible;12M, 18M, 24M, 6-9M;Outlet
55;Vestido de baño entero manga sisa para bebé niña;63594.00;105990.00;Imagen no disponible;12M, 18M, 24M, 6-9M;Outlet
56;Bermuda para niño;39594.00;65990.00;https://offcorss.vtexassets.com/arquivos/ids/858493/41058241-Verde-19-5220_1.jpg?v=638551069286830000;2T, 3T, 4T, 5T, 6;Outlet
57;Pantalón de sudadera para niño;53994.00;89990.00;https://offcorss.vtexassets.com/arquivos/ids/858528/41264491-Rojo-18-1660_1.jpg?v=638551771659800000;2T, 3T, 4T, 5T, 6;Outlet
58;Pantaloneta de baño para niño;47994.00;79990.00;https://offcorss.vtexassets.com/arquivos/ids/854314/41020041-Azul-19-4024_1.jpg?v=638532208637300000;2T, 3T, 4T, 5T, 6;Outlet
59;Body manga corta para bebé niño;22194.00;36990.00;https://offcorss.vtexassets.com/arquivos/ids/854228/33113521-Amarillo-12-0824_1.jpg?v=638527858391870000;0-3M, 12M, 18M, 24M, 3-6M, 6-9M;Outlet
60;Camisa manga corta con boleros para niña;59994.00;99990.00;https://offcorss.vtexassets.com/arquivos/ids/854240/42045711-Gris-11-0601_1.jpg?v=638527858442170000;2T, 3T, 4T, 5T, 6;Outlet
61;Falda midi con bolsillo de parche para niña;59994.00;99990.00;https://offcorss.vtexassets.com/arquivos/ids/854280/52075801-Gris-13-4108_1.jpg?v=638527858622100000;10, 12, 14, 16, 8;Outlet
62;Camiseta de pijama para niño;27594.00;45990.00;https://offcorss.vtexassets.com/arquivos/ids/863485/41337043-Verde-12-6205_5.jpg?v=638600295704430000;2T, 3T, 4T, 5T, 6;Outlet
63;Pantalón largo de pijama para niña;53994.00;89990.00;https://offcorss.vtexassets.com/arquivos/ids/858551/52270731-Rosado-14-2710_1.jpg?v=638551798689300000;10, 12, 14, 16, 8;Outlet
64;Denim silueta super skinny para niña;63594.00;105990.00;https://offcorss.vtexassets.com/arquivos/ids/854327/42361082-Indigo-Medio_1.jpg?v=638532288080870000;2T, 3T, 4T, 5T;Outlet
65;Pantalón con cargaderas para bebé niño;53994.00;89990.00;https://offcorss.vtexassets.com/arquivos/ids/860509/31067541-Cafe-16-1336_1.jpg?v=638563009674430000;0-3M, 12M, 18M, 24M, 3-6M, 6-9M;Outlet
66;Pantalón con prenses para niña;81594.00;135990.00;https://offcorss.vtexassets.com/arquivos/ids/854331/52270602-Violeta-13-3820_1.jpg?v=638532290334800000;10, 12, 14, 16, 8;Outlet
67;Pantalón silueta ancha para niña;77994.00;129990.00;https://offcorss.vtexassets.com/arquivos/ids/854300/52270562-Cafe-12-0601_1.jpg?v=638527858698630000;10, 12, 14, 16, 8;Outlet
68;Vestido tipo camisa manga larga para niña;69594.00;115990.00;https://offcorss.vtexassets.com/arquivos/ids/854270/52018271-Blanco-10-0000_1.jpg?v=638527858584330000;10, 12, 14, 16, 8;Outlet
69;Buzo cerrado de personaje para bebé niño;50940.00;84900.00;https://offcorss.vtexassets.com/arquivos/ids/860581/31134181-Beige-12-0804_1.jpg?v=638563010070100000;12M, 18M, 24M, 3-6M, 6-9M;Outlet
70;Denim silueta super skinny para niña;63594.00;105990.00;https://offcorss.vtexassets.com/arquivos/ids/854329/42361081-Indigo-Claro_1.jpg?v=638532289032100000;2T, 3T, 4T, 5T;Outlet
71;Pantaloneta de baño para niño;47994.00;79990.00;https://offcorss.vtexassets.com/arquivos/ids/854312/41020043-Verde-13-5313_1.jpg?v=638532207337330000;2T, 3T, 4T, 5T, 6;Outlet
72;Buzo estampado cerrado para bebé niña;29994.00;49990.00;https://offcorss.vtexassets.com/arquivos/ids/858473/32134421-Rosado-12-1305_1.jpg?v=638550982682970000;0-3M, 12M, 18M, 24M, 3-6M, 6-9M;Outlet
73;Falda-short con boleros para niña;26396.00;65990.00;https://offcorss.vtexassets.com/arquivos/ids/854250/42074112-Amarillo-15-1046_1.jpg?v=638527858498530000;24, 2T, 3T, 4T, 5T;Outlet
74;Enterizo corto para niña;47995.00;95990.00;https://offcorss.vtexassets.com/arquivos/ids/854290/52210361-Amarillo-15-1046_1.jpg?v=638527858660800000;10, 12, 14, 16, 8;Outlet
75;Body manga larga con hombro cruzado para bebé niña;22194.00;36990.00;https://offcorss.vtexassets.com/arquivos/ids/863478/32117882-Rosado-14-1907_2.jpg?v=638600256474630000;0-3M, 12M, 18M, 24M, 3-6M, 6-9M;Outlet
76;Camisa manga larga con bolero para niña;57594.00;95990.00;https://offcorss.vtexassets.com/arquivos/ids/854321/42045251-Amarillo-15-1046_1.jpg?v=638532214281630000;24, 2T, 3T, 4T, 5T;Outlet
77;Camiseta para niña manga corta;23994.00;39990.00;https://offcorss.vtexassets.com/arquivos/ids/854072/42241667-Gris-11-0601_1.jpg?v=638527857741370000;24, 2T, 3T, 4T, 5T;Outlet
78;Leggings para niña;27594.00;45990.00;Imagen no disponible;2T, 3T, 4T, 5T, 6;Outlet
79;Overall para bebé niña;47994.00;79990.00;https://offcorss.vtexassets.com/arquivos/ids/849876/32081185-Gris-11-0601_1.jpg?v=638500903127600000;0-3M, 12M, 18M, 24M, 3-6M, 6-9M;Outlet
80;Pantalón para niño;63594.00;105990.00;https://offcorss.vtexassets.com/arquivos/ids/784400/41264392-Cafe-17-1052_1.jpg?v=638160830255330000;2T, 3T, 4T, 5T, 6;Outlet
81;Falda short para niña;47994.00;79990.00;Imagen no disponible;2T, 3T, 4T, 5T, 6, 2T, 3T, 4T, 5T, 6;Outlet
82;Camiseta para niña con frente cruzado;33594.00;55990.00;https://offcorss.vtexassets.com/arquivos/ids/817268/52344071-Negro-19-4008_1.jpg?v=638336837851930000;10, 12, 14, 16, 8;Outlet
83;Jean slouchy para niña;69594.00;115990.00;https://offcorss.vtexassets.com/arquivos/ids/854172/42361152-Indigo-Claro_1.jpg?v=638527858165800000;2T, 3T, 4T, 5T, 6;Outlet
84;Camisa con boleros para niña;59994.00;99990.00;https://offcorss.vtexassets.com/arquivos/ids/827127/42045582-Violeta-13-3820_1.jpg?v=638385314580330000;2T, 3T, 4T, 5T, 6, 2T, 3T, 4T, 5T, 6;Outlet
85;Camiseta para niño manga larga;35994.00;59990.00;https://offcorss.vtexassets.com/arquivos/ids/849602/41334801-Gris-Jaspe_1.jpg?v=638497577783300000;24, 2T, 3T, 4T, 5T;Outlet
86;Vestido de baño entero para niña;53994.00;89990.00;https://offcorss.vtexassets.com/arquivos/ids/853969/42021732-Rosado-15-1626_1.jpg?v=638527857200300000;2T, 3T, 4T, 5T, 6;Outlet
87;Vestido para niña con abertura en hombro;59994.00;99990.00;https://offcorss.vtexassets.com/arquivos/ids/850271/52018901-Cafe-12-0601_1.jpg?v=638500905577470000;10, 12, 14, 16, 8;Outlet
88;Vestido de baño entero para niña;53994.00;89990.00;https://offcorss.vtexassets.com/arquivos/ids/853967/42021733-Blanco-10-0000_1.jpg?v=638527857188900000;2T, 3T, 4T, 5T, 6;Outlet
89;Pantaloneta de baño para niño;47994.00;79990.00;https://offcorss.vtexassets.com/arquivos/ids/853842/41020042-Azul-14-4214_1.jpg?v=638527856539470000;2T, 3T, 4T, 5T, 6;Outlet
90;Pijama para niña camiseta manga larga + pantalón;59994.00;99990.00;https://offcorss.vtexassets.com/arquivos/ids/850341/52093992-Azul-16-4013_1.jpg?v=638500905921400000;10, 12, 14, 16, 8;Outlet
91;Pantalón sudadera para niña;51594.00;85990.00;https://offcorss.vtexassets.com/arquivos/ids/854152/42264072-Violeta-14-3206_1.jpg?v=638527858084630000;2T, 3T, 4T, 5T, 6;Outlet
92;Vestido de baño entero para niña;59994.00;99990.00;https://offcorss.vtexassets.com/arquivos/ids/850321/52023282-Rosado-15-1626_1.jpg?v=638500905820700000;10, 12, 14, 16, 8;Outlet
93;Body tipo kimon para bebé niño unisex manga larga;25794.00;42990.00;https://offcorss.vtexassets.com/arquivos/ids/850158/33113232-Blanco-11-4202_1.jpg?v=638500904889830000;0-3M, 12M, 18M, 24M, 3-6M, 6-9M;Outlet
94;Leggings para niña;30594.00;50990.00;https://offcorss.vtexassets.com/arquivos/ids/854132/42263541-Rosado-11-1408_1.jpg?v=638527858007800000;2T, 3T, 4T, 5T, 6;Outlet
95;Body para bebé niño manga corta;23994.00;39990.00;https://offcorss.vtexassets.com/arquivos/ids/850136/33113192-Gris-Jaspe_1.jpg?v=638500904784500000;0-3M, 12M, 18M, 24M, 3-6M, 6-9M;Outlet
96;Jean super skinny para niña;65994.00;109990.00;https://offcorss.vtexassets.com/arquivos/ids/854182/42361271-Indigo-Claro_1.jpg?v=638527858208230000;2T, 3T, 4T, 5T, 6;Outlet
97;Body kimono manga larga para bebé niña;23994.00;39990.00;https://offcorss.vtexassets.com/arquivos/ids/849900/32118141-Rosado-11-1408_1.jpg?v=638500903239130000;0-3M, 12M, 18M, 24M, 3-6M, 6-9M;Outlet
98;Vestido de baño entero para niña;53994.00;89990.00;https://offcorss.vtexassets.com/arquivos/ids/853971/42021731-Amarillo-12-0740_1.jpg?v=638527857209030000;2T, 3T, 4T, 5T, 6;Outlet
99;Vestido para niña con abertura en hombro;59994.00;99990.00;https://offcorss.vtexassets.com/arquivos/ids/850281/52018911-Cafe-15-1216_1.jpg?v=638500905627330000;10, 12, 14, 16, 8;Outlet
100;Chaqueta beisbolera para niño;89994.00;149990.00;https://offcorss.vtexassets.com/arquivos/ids/850231/51532241-Negro-19-4008_1.jpg?v=638500905325530000;10, 12, 14, 16, 8;Outlet
101;Vestido midi para niña manga sisa;65994.00;109990.00;https://offcorss.vtexassets.com/arquivos/ids/850251/52018713-Rosado-15-1611_1.jpg?v=638500905441330000;10, 12, 14, 16, 8;Outlet
102;Camisa leñadora para niño manga larga;77394.00;128990.00;https://offcorss.vtexassets.com/arquivos/ids/850176/51049011-Gris-11-0601_1.jpg?v=638500904972700000;10, 12, 14, 16, 8;Outlet
103;Jean slouchy para niña;69594.00;115990.00;https://offcorss.vtexassets.com/arquivos/ids/806959/42361152-Indigo-Medio_1.jpg?v=638284889036400000;2T, 3T, 4T, 5T, 6;Outlet
104;Vestido para niña con cargaderas para anudar;59994.00;99990.00;https://offcorss.vtexassets.com/arquivos/ids/850241/52018592-Naranja-15-1239_1.jpg?v=638500905385670000;10, 12, 14, 16, 8;Outlet
105;Conjunto para bebé niña de body + vestido;71994.00;119990.00;https://offcorss.vtexassets.com/arquivos/ids/850038/32125231-Rosado-12-1305_1.jpg?v=638500904306730000;0-3M, 12M, 18M, 24M, 3-6M, 6-9M;Outlet
106;Camisa leñadora para niño manga larga;59994.00;99990.00;https://offcorss.vtexassets.com/arquivos/ids/853852/41047721-Gris-11-0601_1.jpg?v=638527856600870000;2T, 3T, 4T, 5T, 6;Outlet
107;Pantalón sudadera para niña;51594.00;85990.00;https://offcorss.vtexassets.com/arquivos/ids/854154/42264071-Coral-14-1228_1.jpg?v=638527858092500000;2T, 3T, 4T, 5T, 6;Outlet
108;Camiseta oversize para niña;29994.00;49990.00;https://offcorss.vtexassets.com/arquivos/ids/807256/52344862-Rosado-15-1611_1.jpg?v=638284890301770000;10, 12, 14, 16, 8;Outlet
109;Set x 2 bodies para bebé niño;41994.00;69990.00;https://offcorss.vtexassets.com/arquivos/ids/849828/31201582-Blanco-10-0000_1.jpg?v=638500902869500000;0-3M, 12M, 18M, 24M, 3-6M, 6-9M;Outlet
110;Conjunto para bebé niña de body + leggings;41994.00;69990.00;https://offcorss.vtexassets.com/arquivos/ids/850014/32125162-Rosado-13-2005_1.jpg?v=638500904174300000;0-3M, 12M, 18M, 24M, 3-6M, 6-9M;Outlet
111;Camiseta para niña con frente cruzado;33594.00;55990.00;https://offcorss.vtexassets.com/arquivos/ids/850413/52344071-Rosado-16-1440_1.jpg?v=638500906323800000;10, 12, 14, 16, 8;Outlet
112;Body manga corta para bebé niña;23994.00;39990.00;https://offcorss.vtexassets.com/arquivos/ids/849920/32118152-Gris-14-4103_1.jpg?v=638500903371030000;0-3M, 12M, 18M, 24M, 3-6M, 6-9M;Outlet
113;Camisa con boleros para niña;45594.00;75990.00;https://offcorss.vtexassets.com/arquivos/ids/853997/42045502-Rosado-11-1408_1.jpg?v=638527857331030000;2T, 3T, 4T, 5T, 6;Outlet
114;Camiseta para niña manga corta;23994.00;39990.00;https://offcorss.vtexassets.com/arquivos/ids/787897/42241667-Violeta-14-3812_1.jpg?v=638131914502570000;2T, 3T, 4T, 5T;Outlet
115;Camiseta para niña manga corta;35994.00;59990.00;https://offcorss.vtexassets.com/arquivos/ids/854082/42241911-Azul-19-3923_1.jpg?v=638527857779800000;2T, 3T, 4T, 5T, 6;Outlet
116;Camiseta para niña manga corta;31794.00;52990.00;https://offcorss.vtexassets.com/arquivos/ids/854092/42243032-Rosado-11-1408_1.jpg?v=638527857827170000;2T, 3T, 4T, 5T, 6;Outlet
117;Jean super skinny para niña;71994.00;119990.00;https://offcorss.vtexassets.com/arquivos/ids/850447/52361292-Indigo-Medio_1.jpg?v=638500906516170000;10, 12, 14, 16, 6, 8;Outlet
118;Set x 2 bodies para bebé niño;41994.00;69990.00;https://offcorss.vtexassets.com/arquivos/ids/849832/31201581-Gris-11-0601_1.jpg?v=638500902890670000;0-3M, 12M, 18M, 24M, 3-6M, 6-9M;Outlet
119;Conjunto para bebé niña de body + vestido;71994.00;119990.00;https://offcorss.vtexassets.com/arquivos/ids/850062/32125251-Cafe-12-0601_1.jpg?v=638500904414500000;0-3M, 12M, 18M, 24M, 3-6M, 6-9M;Outlet
120;Conjunto body + bermuda para recién nacido niño;57594.00;95990.00;https://offcorss.vtexassets.com/arquivos/ids/849738/31125341-Amarillo-13-0942_1.jpg?v=638500902400030000;0-3M, 12M, 18M, 24M, 3-6M, 6-9M;Outlet
121;Vestido para niña manga larga;119990.00;NULL;Imagen no disponible;2T, 3T, 4T, 5T, 6;Bebés
122;Conjunto para niña de camiseta + leggins + pañoleta;110990.00;NULL;Imagen no disponible;2T, 3T, 4T, 5T, 6;Bebés
123;Camiseta para niña con detalle en el frente;45990.00;NULL;Imagen no disponible;2T, 3T, 4T, 5T, 6;Bebés
124;Sandalias para niña con correas;135990.00;NULL;Imagen no disponible;22, 23, 24, 25, 26, 27, 28, 29;Bebés
125;Camiseta para niña manga corta con boleros;55990.00;NULL;Imagen no disponible;2T, 3T, 4T, 5T, 6;Bebés
126;Tenis casuales para niña con  correas de velcro;139990.00;NULL;Imagen no disponible;22, 23, 24, 25, 26, 27, 28, 29;Bebés
127;Overol para niña;129990.00;NULL;Imagen no disponible;2T, 3T, 4T, 5T, 6;Bebés
128;Pantalón en denim para niña silueta ballon;125990.00;NULL;Imagen no disponible;2T, 3T, 4T, 5T, 6;Bebés
129;Camiseta para niña con estampado manga corta;59990.00;NULL;Imagen no disponible;2T, 3T, 4T, 5T, 6;Bebés
130;Chaqueta para niña tipo biker;199990.00;NULL;Imagen no disponible;L, M, S, XS, XXS;Bebés
131;Tutú para niña midi;85990.00;NULL;Imagen no disponible;2T, 3T, 4T, 5T, 6;Bebés
132;Camisa para niña manga corta con abertura en espalda;85990.00;NULL;Imagen no disponible;2T, 3T, 4T, 5T, 6;Bebés
133;Jean para niña super skinny con diseño de nubes;119990.00;NULL;Imagen no disponible;2T, 3T, 4T, 5T, 6;Bebés
134;Vestido corto para niña con espalda cruzada;89990.00;NULL;Imagen no disponible;2T, 3T, 4T, 5T, 6;Bebés
135;Media pantalón para niña;49990.00;NULL;https://offcorss.vtexassets.com/arquivos/ids/866690/Media-pantalon-para-niña.jpg?v=638615955622130000;2T-3T, 4T-5T, 6-8;Bebés
136;Tenis deportivos para niña con cordones que alumbran en la oscuridad;155990.00;NULL;Imagen no disponible;22, 23, 24, 25, 26, 27, 28, 29;Bebés
137;Vestido de tiras para niña;89990.00;NULL;Imagen no disponible;2T, 3T, 4T, 5T, 6;Bebés
138;Camiseta crop top para niña;55990.00;NULL;Imagen no disponible;2T, 3T, 4T, 5T, 6;Bebés
139;Conjunto para niña de camiseta + falda short;125990.00;NULL;Imagen no disponible;2T, 3T, 4T, 5T, 6;Bebés
140;Pantalón para niña con prenses;109990.00;NULL;Imagen no disponible;2T, 3T, 4T, 5T, 6;Bebés
141;Tutú para niña;79990.00;NULL;Imagen no disponible;2T, 3T, 4T, 5T, 6;Bebés
142;Botas para niña metalizadas con correa;175990.00;NULL;Imagen no disponible;22, 23, 24, 25, 26, 27, 28, 29;Bebés
143;Jean para niña recto con botas dobladas;125990.00;NULL;Imagen no disponible;2T, 3T, 4T, 5T, 6;Bebés
144;Camiseta crop top para niña;55990.00;NULL;Imagen no disponible;2T, 3T, 4T, 5T, 6;Bebés
145;Vestido para niña manga corta con bolero;109990.00;NULL;Imagen no disponible;2T, 3T, 4T, 5T, 6;Bebés
146;Tenis casuales para niña metalizados con luces;165990.00;NULL;Imagen no disponible;22, 23, 24, 25, 26, 27, 28, 29;Bebés
147;Camisa para niña manga sisa;85990.00;NULL;Imagen no disponible;2T, 3T, 4T, 5T, 6;Bebés
148;Short para niña con prenses;89990.00;NULL;Imagen no disponible;2T, 3T, 4T, 5T, 6;Bebés
149;Tenis deportivos para niña;149990.00;NULL;Imagen no disponible;22, 23, 24, 25, 26, 27, 28, 29;Bebés
150;Vestido para niña con boleros y abertura en la espalda;109990.00;NULL;Imagen no disponible;2T, 3T, 4T, 5T, 6;Bebés
151;Body para niña con mini boleros;74990.00;NULL;Imagen no disponible;2T, 3T, 4T, 5T, 6;Bebés
152;Camiseta para niña con estampado manga corta;59990.00;NULL;Imagen no disponible;2T, 3T, 4T, 5T, 6;Bebés
153;Chaqueta para niña acolchada;159990.00;NULL;Imagen no disponible;L, M, S;Bebés
154;Chaqueta con personaje de unicornio para niña;149990.00;NULL;Imagen no disponible;2T, 3T, 4T, 5T, 6;Bebés
155;Chaqueta para niña acolchada;159990.00;NULL;Imagen no disponible;L, M, S;Bebés
156;Botas para niña con elásticos en laterales;165990.00;NULL;Imagen no disponible;22, 23, 24, 25, 26, 27, 28, 29;Bebés
157;Chaleco para niña oversize;139990.00;NULL;Imagen no disponible;XS, XXS;Bebés
158;Tenis para niña con correas de velcro;149990.00;NULL;Imagen no disponible;22, 23, 24, 25, 26, 27, 28, 29;Bebés
159;Disfraz de bailarina para niña;149990.00;NULL;Imagen no disponible;2T, 3T, 4T, 5T, 6, 8;Bebés
160;Tenis para niña con glitter;159990.00;NULL;Imagen no disponible;22, 23, 24, 25, 26, 27, 28, 29;Bebés
161;Sudadera para niña;89990.00;NULL;https://offcorss.vtexassets.com/arquivos/ids/861768/42264361-Rosado-12-1305_1.jpg?v=638584693166970000;2T, 3T, 4T, 5T, 6;Bebés
162;Camisa para niña manga corta con boleros;79990.00;NULL;https://offcorss.vtexassets.com/arquivos/ids/863414/42045801-Amarillo-11-0604_1.jpg?v=638592413021730000;2T, 3T, 4T, 5T, 6;Bebés
163;Botas plásticas para niña;102193.00;145990.00;Imagen no disponible;22, 23, 24, 25, 26, 27, 28, 29, 30, 31, 32, 33;Bebés
164;Camiseta para niña mangas con abertura y nudo;39193.00;55990.00;https://offcorss.vtexassets.com/arquivos/ids/870049/42244091-Lila-13-3405_1.jpg?v=638623614650930000;2T, 3T, 4T, 5T, 6;Bebés
165;Tenis para niña con luces en la suela;179990.00;NULL;Imagen no disponible;22, 23, 24, 25, 26, 27, 28, 29;Bebés
166;Overall corto para niña;88193.00;125990.00;https://offcorss.vtexassets.com/arquivos/ids/863535/Overall-corto-para-bebe-niña.jpg?v=638600394670000000;2T, 3T, 4T, 5T, 6;Bebés
167;Botas plásticas para niña;145990.00;NULL;Imagen no disponible;22, 23, 24, 25, 26, 27, 28, 29, 30, 31, 32, 33;Bebés
168;Conjunto para niña de camiseta + jardinera;95193.00;135990.00;https://offcorss.vtexassets.com/arquivos/ids/863720/Conjunto-para-bebe-niña-de-camiseta---jardinera.jpg?v=638600395569270000;2T, 3T, 4T, 5T, 6;Bebés
169;Camisa manga sisa para niña;29990.00;NULL;https://offcorss.vtexassets.com/arquivos/ids/857354/42243751-Rosado-11-2409_1.jpg?v=638544994810670000;L, M, S;Bebés
170;Falda short para niña;89990.00;NULL;https://offcorss.vtexassets.com/arquivos/ids/857349/42074432-Rosado-12-1305_1.jpg?v=638544958774400000;2T, 3T, 4T, 6, 8, 5T;Bebés
171;Camiseta para niña manga corta con boleros;59990.00;NULL;Imagen no disponible;2T, 3T, 4T, 5T, 6;Bebés
172;Camiseta para niña manga corta con estampado;49990.00;NULL;https://offcorss.vtexassets.com/arquivos/ids/858518/42243901-Rosado-12-1305_1.jpg?v=638551163750700000;2T, 3T, 4T, 5T, 6;Bebés
173;Set x 2 pantys tipo boxer para niña;54990.00;NULL;https://offcorss.vtexassets.com/arquivos/ids/857664/42201471-Rosado-14-3209_1.jpg?v=638545061436400000;L, M, S;Bebés
174;Medias para niña caña larga con personaje;19990.00;NULL;https://offcorss.vtexassets.com/arquivos/ids/855636/42193502-Cafe-13-0905_1.jpg?v=638540324358300000;2T-3T, 4T-5T;Bebés
175;Vestido para niña manga sisa con mini boleros;89990.00;NULL;Imagen no disponible;2T, 3T, 4T, 5T, 6;Bebés
176;Medias para niña caña larga con personaje;19990.00;NULL;https://offcorss.vtexassets.com/arquivos/ids/855634/42193501-Rosado-12-1305_1.jpg?v=638540324270700000;2T-3T, 4T-5T;Bebés
177;Short para niña con bolsillo;85990.00;NULL;https://offcorss.vtexassets.com/arquivos/ids/861182/42054311-Rosado-15-1919_1.jpg?v=638575986428070000;2T, 3T, 4T, 5T, 6;Bebés
178;Camiseta para niña manga corta con corte inferior;49990.00;NULL;Imagen no disponible;2T, 3T, 4T, 5T, 6;Bebés
179;Tenis para niña deportivos;149990.00;NULL;Imagen no disponible;22, 23, 24, 25, 26, 27, 28, 29;Bebés
180;Chaqueta beisbolera para niña con gráfico en la espalda;145990.00;NULL;Imagen no disponible;2T, 3T, 4T, 5T, 6;Bebés
181;Tenis para niña cambian con la luz del sol;159990.00;NULL;Imagen no disponible;22, 23, 24, 25, 26, 27, 28, 29;Bebés
182;Camiseta para niña manga corta con corte inferior;49990.00;NULL;Imagen no disponible;2T, 3T, 4T, 5T, 6;Bebés
183;Medias para niña caña larga con personaje;19990.00;NULL;https://offcorss.vtexassets.com/arquivos/ids/855640/42193503-Blanco-10-0000_1.jpg?v=638540324480400000;2T-3T, 4T-5T;Bebés
184;Leggings para niña;45990.00;NULL;https://offcorss.vtexassets.com/arquivos/ids/858522/42264291-Verde-12-0109_1.jpg?v=638551207719900000;2T, 3T, 4T, 5T, 6;Bebés
185;Leggings para niña;45990.00;NULL;https://offcorss.vtexassets.com/arquivos/ids/858524/42264292-Arena-12-0602_1.jpg?v=638551213240170000;2T, 3T, 4T, 5T, 6;Bebés
186;Vestido para niña manga sisa con mini boleros;89990.00;NULL;Imagen no disponible;2T, 3T, 4T, 5T, 6;Bebés
187;Camiseta para niña con estampado divertido en el frente;40593.00;57990.00;Imagen no disponible;2T, 3T, 4T, 5T, 6;Bebés
188;Conjunto para niña de camiseta + short;129990.00;NULL;Imagen no disponible;2T, 3T, 4T, 5T, 6;Bebés
189;Camiseta para niña manga corta con estampado;49990.00;NULL;https://offcorss.vtexassets.com/arquivos/ids/858520/42243902-Blanco-10-0000_1.jpg?v=638551204845870000;2T, 3T, 4T, 5T, 6;Bebés
190;Camiseta para niña con estampado divertido en el frente;57990.00;NULL;Imagen no disponible;2T, 3T, 4T, 5T, 6;Bebés
191;Short para niña con bolsillo;85990.00;NULL;https://offcorss.vtexassets.com/arquivos/ids/861202/42054312-Verde-13-0111_1.jpg?v=638575986524030000;2T, 3T, 4T, 5T, 6;Bebés
192;Conjunto para niña de camiseta + short;129990.00;NULL;Imagen no disponible;2T, 3T, 4T, 5T, 6;Bebés
193;Tenis para niña;149990.00;NULL;https://offcorss.vtexassets.com/arquivos/ids/855509/42107141-Amarillo-11-0602_1.jpg?v=638540318231270000;22, 23, 24, 25, 26, 27, 28, 29;Bebés
194;Vestido para niña manga corta con cuello tipo polo;89990.00;NULL;Imagen no disponible;2T, 3T, 4T, 5T, 6;Bebés
195;Chaqueta para niña con bolsillos asimétricos;135990.00;NULL;Imagen no disponible;2T, 3T, 4T, 5T, 6;Bebés
196;Conjunto para niña de camiseta + jardinera;135990.00;NULL;Imagen no disponible;2T, 3T, 4T, 5T, 6;Bebés
197;Camiseta para niña manga corta con boleros;59990.00;NULL;Imagen no disponible;2T, 3T, 4T, 5T, 6;Bebés
198;Buzo para niña cerrado con capucha y bolsillo asimétrico;105990.00;NULL;Imagen no disponible;2T, 3T, 4T, 5T, 6;Bebés
199;Jean para niña silueta wide leg;125990.00;NULL;Imagen no disponible;2T, 3T, 4T, 5T, 6;Bebés
200;Tenis para niña deportivos;149990.00;NULL;Imagen no disponible;22, 23, 24, 25, 26, 27, 28, 29;Bebés
201;Pijama para niña camiseta manga corta + sudadera;95990.00;NULL;Imagen no disponible;2T, 3T, 4T, 5T, 6;Bebés
202;Pijama para niña camiseta manga corta + sudadera;95990.00;NULL;Imagen no disponible;2T, 3T, 4T, 5T, 6;Bebés
203;Falda short para niña;109990.00;NULL;Imagen no disponible;2T, 3T, 4T, 5T, 6;Bebés
204;Pijama para niña en conjunto de camiseta manga larga + sudadera;105990.00;NULL;Imagen no disponible;2T, 3T, 4T, 5T, 6;Bebés
205;Pijama para niña en conjunto de camiseta manga corta + short;95990.00;NULL;Imagen no disponible;2T, 3T, 4T, 5T, 6;Bebés
206;Pijama batola para niña;69990.00;NULL;Imagen no disponible;2T, 3T, 4T, 5T, 6;Bebés
207;Tenis deportivos para niña;145990.00;NULL;Imagen no disponible;22, 23, 24, 25, 26, 27, 28, 29;Bebés
208;Pijama para niña en conjunto de camiseta manga larga + sudadera;99990.00;NULL;Imagen no disponible;2T, 3T, 4T, 5T, 6;Bebés
209;Camiseta manga corta efecto brillante para niña;55990.00;NULL;Imagen no disponible;2T, 3T, 4T, 5T, 6;Bebés
210;Sandalias playeras en reata para niña;119990.00;NULL;https://offcorss.vtexassets.com/arquivos/ids/853005/42107081-Violeta-14-3612_1.jpg?v=638515689678570000;22, 23, 24, 25, 26, 27, 28, 21;Bebés
211;Sandalias playeras en reata para niña;119990.00;NULL;https://offcorss.vtexassets.com/arquivos/ids/853029/42107082-Rosado-17-2519_1.jpg?v=638515689781570000;22, 23, 24, 25, 26, 27, 28, 29, 21;Bebés
212;Short para niña;109990.00;NULL;Imagen no disponible;2T, 3T, 4T, 5T, 6;Bebés
213;Camisa manga corta con boleros para niña;85990.00;NULL;Imagen no disponible;2T, 3T, 4T, 5T, 6;Bebés
214;Pijama para niña en conjunto de camiseta manga corta + short;95990.00;NULL;Imagen no disponible;2T, 3T, 4T, 5T, 6;Bebés
215;Sandalias playeras en reata para niña;119990.00;NULL;https://offcorss.vtexassets.com/arquivos/ids/853053/42107083-Verde-13-0319_1.jpg?v=638515689912770000;22, 23, 24, 25, 26, 27, 28, 21;Bebés
216;Conjunto de body + falda para niña;81594.00;135990.00;Imagen no disponible;2T, 3T, 4T, 5T, 6;Bebés
217;Vestido de baño tankini para niña;129990.00;NULL;Imagen no disponible;2T, 3T, 4T, 5T, 6;Bebés
218;Vestido de baño bikini para niña;115990.00;NULL;Imagen no disponible;2T, 3T, 4T, 5T, 6;Bebés
219;Vestido de baño entero manga sisa para niña;105990.00;NULL;Imagen no disponible;2T, 3T, 4T, 5T, 6;Bebés
220;Vestido de baño entero manga sisa para niña;99990.00;NULL;Imagen no disponible;2T, 3T, 4T, 5T, 6;Bebés
221;Vestido de baño entero para niña;129990.00;NULL;https://offcorss.vtexassets.com/arquivos/ids/849119/42022261-Verde-13-0319_1.jpg?v=638508600531730000;2T, 3T, 4T, 5T, 6;Bebés
222;Salida de baño vestido para niña;62993.00;89990.00;Imagen no disponible;L, M, S;Bebés
223;Gorro doble faz para niña;40593.00;57990.00;https://offcorss.vtexassets.com/arquivos/ids/849170/42145121-Rosado-13-2806_1.jpg?v=638497575608900000;M/L, S/M;Bebés
224;Vestido de baño entero para niña;125990.00;NULL;Imagen no disponible;2T, 3T, 4T, 5T, 6;Bebés
225;Camiseta con lentejuelas reversibles para niña;35994.00;59990.00;Imagen no disponible;2T, 3T, 4T, 5T, 6;Bebés
226;Vestido de baño bikini para niña;99990.00;NULL;Imagen no disponible;2T, 3T, 4T, 5T, 6;Bebés
227;Buzo cerrado con bloques de color para niña;83994.00;139990.00;Imagen no disponible;L, M, S;Bebés
228;Leggings con cintura elástica y cordón para niña;49990.00;NULL;Imagen no disponible;2T, 3T, 4T, 5T, 6;Bebés
229;Camiseta manga corta con estampado para niña;49990.00;NULL;Imagen no disponible;2T, 3T, 4T, 5T, 6;Bebés
230;Short 5 bolsillos para niña;99990.00;NULL;Imagen no disponible;2T, 3T, 4T, 5T, 6;Bebés
231;Denim tipo jeggings para niña;109990.00;NULL;Imagen no disponible;2T, 3T, 4T, 5T, 6;Bebés
232;Vestido con cuello camisero para niña;89990.00;NULL;Imagen no disponible;2T, 3T, 4T, 5T, 6;Bebés
233;Leggings con cintura elástica y cordón para niña;49990.00;NULL;Imagen no disponible;2T, 3T, 4T, 5T, 6;Bebés
234;Vestido manga sisa para niña;89990.00;NULL;Imagen no disponible;2T, 3T, 4T, 5T, 6;Bebés
235;Buzo cerrado para niña;95990.00;NULL;Imagen no disponible;2T, 3T, 4T, 5T, 6;Bebés
236;Tenis casuales para niña;139990.00;NULL;Imagen no disponible;22, 23, 24, 25, 26, 27, 28, 29;Bebés
237;Camiseta manga corta con gráfico para niña;49990.00;NULL;Imagen no disponible;2T, 3T, 4T, 5T, 6;Bebés
238;Sudadera para niña;89990.00;NULL;Imagen no disponible;2T, 3T, 4T, 5T, 6;Bebés
239;Camiseta manga corta con estampado para niña;49990.00;NULL;https://offcorss.vtexassets.com/arquivos/ids/835123/42243552-Lila-13-3405_1.jpg?v=638446405649000000;2T, 3T, 4T, 5T, 6;Bebés
240;Vestido manga sisa para niña;89990.00;NULL;Imagen no disponible;2T, 3T, 4T, 5T, 6;Bebés
241;Camiseta manga corta con gráfico para niña;49990.00;NULL;Imagen no disponible;2T, 3T, 4T, 5T, 6;Bebés
242;Conjunto de camiseta + short para niña;129990.00;NULL;Imagen no disponible;2T, 3T, 4T, 5T, 6;Bebés
243;Chaqueta oversize para niña;145990.00;NULL;Imagen no disponible;L, M, S;Bebés
244;Jardinera para niña;125990.00;NULL;Imagen no disponible;2T, 3T, 4T, 5T, 6;Bebés
245;Short 5 bolsillos para niña;99990.00;NULL;https://offcorss.vtexassets.com/arquivos/ids/835052/42054232-Indigo-Oscuro_1.jpg?v=638446405290130000;2T, 3T, 4T, 5T, 6;Bebés
246;Vestido con boleros para niña;89990.00;NULL;Imagen no disponible;2T, 3T, 4T, 5T, 6;Bebés
247;Overall largo para niña;150990.00;NULL;Imagen no disponible;2T, 3T, 4T, 5T, 6;Bebés
248;Camiseta manga corta con boleros para niña;49990.00;NULL;Imagen no disponible;2T, 3T, 4T, 5T, 6;Bebés
249;Chaqueta tipo bomber para niña;159990.00;NULL;Imagen no disponible;2T, 3T, 4T, 5T, 6;Bebés
250;Overall corto para niña;125990.00;NULL;https://offcorss.vtexassets.com/arquivos/ids/835072/42082321-Indigo-Claro_1.jpg?v=638446405407000000;2T, 3T, 4T, 5T, 6;Bebés
251;Denim silueta culotte para niña;119990.00;NULL;Imagen no disponible;2T, 3T, 4T, 5T, 6;Bebés
252;Set x2 medias caña media para niña;31990.00;NULL;https://offcorss.vtexassets.com/arquivos/ids/835117/42201431-Amarillo-11-0604_1.jpg?v=638446405622800000;2T-3T, 4T-5T;Bebés
253;Falda short para niña;89990.00;NULL;Imagen no disponible;2T, 3T, 4T, 5T, 6, 8;Bebés
254;Tenis bota para niña;149990.00;NULL;https://offcorss.vtexassets.com/arquivos/ids/840214/42107031-Blanco-10-0000_1.jpg?v=638453557997830000;22, 23, 24, 25, 26, 27, 28, 29;Bebés
255;Denim para niña;119990.00;NULL;Imagen no disponible;2T, 3T, 4T, 5T, 6;Bebés
256;Botas casuales con resorte para niña;116193.00;165990.00;https://offcorss.vtexassets.com/arquivos/ids/840246/42107041-Verde-15-5706_1.jpg?v=638453558137270000;22, 23, 24, 25, 26, 27, 28, 29;Bebés
257;Camiseta manga corta para niña;49990.00;NULL;https://offcorss.vtexassets.com/arquivos/ids/835143/42243591-Rosado-12-1305_1.jpg?v=638446405736170000;2T, 3T, 4T, 5T, 6;Bebés
258;Vestido manga sisa para niña;89990.00;NULL;Imagen no disponible;2T, 3T, 4T, 5T, 6, 8;Bebés
259;Camiseta manga corta para niña;49990.00;NULL;https://offcorss.vtexassets.com/arquivos/ids/835133/42243571-Blanco-10-0000_1.jpg?v=638446405695670000;2T, 3T, 4T, 5T, 6;Bebés
260;Camiseta manga sisa para niña;49990.00;NULL;Imagen no disponible;2T, 3T, 4T, 5T, 6;Bebés
261;Buzo abierto para niña;109990.00;NULL;https://offcorss.vtexassets.com/arquivos/ids/843379/42139981-Amarillo-11-0604_1.jpg?v=638464524292670000;2T, 3T, 4T, 5T, 6;Bebés
262;Camiseta manga corta para niña;49990.00;NULL;Imagen no disponible;2T, 3T, 4T, 5T, 6;Bebés
263;Conjunto camiseta manga corta + sudadera para niña;125990.00;NULL;Imagen no disponible;2T, 3T, 4T, 5T, 6;Bebés
264;Conjunto camiseta manga corta + short para niña;105990.00;NULL;Imagen no disponible;2T, 3T, 4T, 5T, 6, 8;Bebés
265;Vestido manga corta para niña;71994.00;119990.00;Imagen no disponible;2T, 3T, 4T, 5T, 6;Bebés
266;Tenis casuales para niña;135990.00;NULL;https://offcorss.vtexassets.com/arquivos/ids/840182/42107011-Amarillo-11-0617_1.jpg?v=638453557848430000;22, 23, 24, 25, 26, 27, 28, 29;Bebés
267;Vestido manga larga para niña;89990.00;NULL;Imagen no disponible;2T, 3T, 4T, 5T, 6;Bebés
268;Conjunto de camiseta manga larga + pantalón para niña;135990.00;NULL;Imagen no disponible;2T, 3T, 4T, 5T, 6;Bebés
269;Camiseta manga corta para niña;49990.00;NULL;https://offcorss.vtexassets.com/arquivos/ids/843399/42243572-Amarillo-11-0604_1.jpg?v=638464524374600000;2T, 3T, 4T, 5T, 6;Bebés
270;Medias tobillera para niña;16990.00;NULL;https://offcorss.vtexassets.com/arquivos/ids/843393/42193491-Rosado-12-1305_1.jpg?v=638464524350500000;2T-3T, 4T-5T, 6-8;Bebés
271;Sudadera para niña;89990.00;NULL;Imagen no disponible;2T, 3T, 4T, 5T, 6;Bebés
272;Chaqueta dobe faz acolchada para niña;129594.00;215990.00;https://offcorss.vtexassets.com/arquivos/ids/835082/42139841-Rosado-15-2216_1.jpg?v=638446405462100000;2T, 3T, 4T, 5T, 6;Bebés
273;Tenis primeros pasos para bebé niña;105990.00;NULL;Imagen no disponible;17, 18, 19, 20, 21;Bebés
274;Tenis deportivos con bloques de color para niña;165990.00;NULL;Imagen no disponible;22, 23, 24, 25, 26, 27, 28, 29;Bebés
275;Tenis deportivos con bloques de color para niña;165990.00;NULL;Imagen no disponible;22, 23, 24, 25, 26, 27, 28, 29;Bebés
276;Vestido de baño tankini para niña.;125990.00;NULL;Imagen no disponible;2T, 3T, 4T, 5T, 6;Bebés
277;Chaqueta clásica tipo parka para niña;89994.00;149990.00;Imagen no disponible;2T, 3T, 4T, 5T, 6;Bebés
278;Vestido de baño entero manga larga para niña;125990.00;NULL;Imagen no disponible;2T, 3T, 4T, 5T, 6;Bebés
279;Chaqueta tipo raincoat para niña;99990.00;NULL;Imagen no disponible;2T, 3T, 4T, 5T, 6;Bebés
280;Chaqueta deportiva rompevientos para niña;99594.00;165990.00;https://offcorss.vtexassets.com/arquivos/ids/854337/52534261-Violeta-15-3412_1.jpg?v=638532296516000000;XS, XXS;Bebés
281;Camiseta deportiva manga corta con cortes en malla para niña;41994.00;69990.00;Imagen no disponible;XS, XXS;Bebés
282;Short deportivo con biker para niña;63594.00;105990.00;Imagen no disponible;XS, XXS;Bebés
283;Camiseta manga corta para niña;49990.00;NULL;Imagen no disponible;2T, 3T, 4T, 5T, 6;Bebés
284;Overall largo en denim para niña;129990.00;NULL;https://offcorss.vtexassets.com/arquivos/ids/830574/42082231-Indigo-Claro_1.jpg?v=638423160070430000;2T, 3T, 4T, 5T, 6;Bebés
285;Set x 2 panty para niña;41990.00;NULL;https://offcorss.vtexassets.com/arquivos/ids/826648/42201402-Gris-11-0601_1.jpg?v=638385019998700000;2T, 3T, 4T, 5T, 6;Bebés
286;Tenis con velcro y cordones para niña;159990.00;NULL;https://offcorss.vtexassets.com/arquivos/ids/830148/42106951-Blanco-10-0000_1.jpg?v=638415512574670000;22, 23, 24, 25, 26, 27, 28, 29;Bebés
287;Set x 2 panty para niña;41990.00;NULL;https://offcorss.vtexassets.com/arquivos/ids/830188/42201401-Amarillo-13-0840_1.jpg?v=638415512732170000;2T, 3T, 4T, 5T, 6;Bebés
288;Set x 3 panty para niña;53990.00;NULL;https://offcorss.vtexassets.com/arquivos/ids/830208/42201411-Cafe-12-0601_1.jpg?v=638415512824100000;2T, 3T, 4T, 5T, 6;Bebés
289;Short interior para niña;21990.00;NULL;https://offcorss.vtexassets.com/arquivos/ids/827092/42054182-Azul-19-3921_1.jpg?v=638385267122700000;L, M, S;Bebés
290;Short interior para niña;21990.00;NULL;https://offcorss.vtexassets.com/arquivos/ids/827210/42054181-Blanco-10-0000_1.jpg?v=638386880516300000;L, M, S;Bebés
291;Camiseta manga sisa para niña;27990.00;NULL;https://offcorss.vtexassets.com/arquivos/ids/827222/42243301-Blanco-10-0000_1.jpg?v=638386880599230000;2T, 3T, 4T, 5T, 6;Bebés
292;Chaqueta para niño acolchada con capucha;189990.00;NULL;https://offcorss.vtexassets.com/arquivos/ids/867437/41531182-Verde-16-5815_1.jpg?v=638620941301630000;L, M, S, XS, XXS;Bebés
293;Camisa para niño manga corta con bolsillo;89990.00;NULL;Imagen no disponible;2T, 3T, 4T, 5T, 6;Bebés
294;Jean super slim para niño con bolsillos;119990.00;NULL;Imagen no disponible;2T, 3T, 4T, 5T, 6;Bebés
295;Camisa para niño manga larga con bolsillo;109990.00;NULL;Imagen no disponible;2T, 3T, 4T, 5T, 6;Bebés
296;Buzo para niño cerrado con capucha;125990.00;NULL;Imagen no disponible;2T, 3T, 4T, 5T, 6;Bebés
297;Camisa para niño manga corta con corbatín;95990.00;NULL;Imagen no disponible;2T, 3T, 4T, 5T, 6;Bebés
298;Jogger para niño con cordón en cintura;119990.00;NULL;Imagen no disponible;2T, 3T, 4T, 5T, 6;Bebés
299;Bermuda para niño;95990.00;NULL;Imagen no disponible;2T, 3T, 4T, 5T, 6;Bebés
300;Camiseta para niño manga corta con gráfico en el frente;59990.00;NULL;Imagen no disponible;2T, 3T, 4T, 5T, 6;Bebés
301;Camisa para niño manga larga con corbatín;115990.00;NULL;Imagen no disponible;2T, 3T, 4T, 5T, 6;Bebés
302;Tenis bota para niño con bloques de color;155990.00;NULL;Imagen no disponible;22, 23, 24, 25, 26, 27, 28, 29;Bebés
303;Tenis casuales para niño con accesorios en cordones;145990.00;NULL;Imagen no disponible;22, 23, 24, 25, 26, 27, 28, 29;Bebés
304;Camiseta oversize para niño;55990.00;NULL;Imagen no disponible;2T, 3T, 4T, 5T, 6;Bebés
305;Tenis deportivos para niño;149990.00;NULL;https://offcorss.vtexassets.com/arquivos/ids/865298/Tenis-deportivos-para-niño.jpg?v=638615947977700000;22, 23, 24, 25, 26, 27, 28, 29;Bebés
306;Conjunto para niño de camiseta + sudadera;129990.00;NULL;Imagen no disponible;2T, 3T, 4T, 5T, 6;Bebés
307;Conjunto para niño de camiseta + bermuda;109990.00;NULL;Imagen no disponible;2T, 3T, 4T, 5T, 6;Bebés
308;Camisa para niño manga larga con bolsillo;109990.00;NULL;Imagen no disponible;2T, 3T, 4T, 5T, 6;Bebés
309;Jean para niño con bolsillos cargo;125990.00;NULL;Imagen no disponible;2T, 3T, 4T, 5T, 6;Bebés
310;Camiseta tipo polo para niño;75990.00;NULL;Imagen no disponible;2T, 3T, 4T, 5T, 6;Bebés
311;Camiseta para niño manga corta con estampado;59990.00;NULL;Imagen no disponible;2T, 3T, 4T, 5T, 6;Bebés
312;Camiseta oversize para niño;49990.00;NULL;Imagen no disponible;2T, 3T, 4T, 5T, 6;Bebés
313;Pantalón para niño con bolsillos cargo;115990.00;NULL;Imagen no disponible;2T, 3T, 4T, 5T, 6;Bebés
314;Overol para niño largo con cargaderas ajustables;145990.00;NULL;Imagen no disponible;2T, 3T, 4T, 5T, 6;Bebés
315;Sudadera para niño con cordón;89990.00;NULL;Imagen no disponible;2T, 3T, 4T, 5T, 6;Bebés
316;Camiseta para niño manga corta con estampado;59990.00;NULL;Imagen no disponible;2T, 3T, 4T, 5T, 6;Bebés
317;Camiseta para niño manga corta;49990.00;NULL;Imagen no disponible;2T, 3T, 4T, 5T, 6;Bebés
318;Camisa para niño manga larga con bolsillo;109990.00;NULL;Imagen no disponible;2T, 3T, 4T, 5T, 6;Bebés
319;Camisa para niño manga corta con corbatín;95990.00;NULL;Imagen no disponible;2T, 3T, 4T, 5T, 6;Bebés
320;Pantalon para niño;109990.00;NULL;Imagen no disponible;2T, 3T, 4T, 5T, 6;Bebés
321;Tenis para niño tipo bota;155990.00;NULL;Imagen no disponible;22, 23, 24, 25, 26, 27, 28, 29;Bebés
322;Camiseta para niño manga corta;49990.00;NULL;Imagen no disponible;2T, 3T, 4T, 5T, 6;Bebés
323;Camiseta tipo polo para niño;75990.00;NULL;Imagen no disponible;2T, 3T, 4T, 5T, 6;Bebés
324;Bermuda para niño con bolsillos cargo;95990.00;NULL;Imagen no disponible;2T, 3T, 4T, 5T, 6;Bebés
325;Camiseta para niño manga corta con gráfico en el frentea;59990.00;NULL;Imagen no disponible;2T, 3T, 4T, 5T, 6;Bebés
326;Bermuda para niño con cordón funcional;69993.00;99990.00;https://offcorss.vtexassets.com/arquivos/ids/867415/41058612-Indigo-Ice_1.jpg?v=638617484176370000;2T, 3T, 4T, 5T, 6;Bebés
327;Camiseta de baño manga larga para niño;99990.00;NULL;https://offcorss.vtexassets.com/arquivos/ids/863746/41337011-Blanco-10-0000_1.jpg?v=638602809216600000;2T, 3T, 4T, 5T, 6;Bebés
328;Tenis para niño casuales caña alta;159990.00;NULL;Imagen no disponible;22, 23, 24, 25, 26, 27, 28, 29;Bebés
329;Chaqueta para niño acolchada con capucha;159990.00;NULL;Imagen no disponible;L, M, S;Bebés
330;Buzo para niño de personaje de dinosaurio con capucha;149990.00;NULL;Imagen no disponible;2T, 3T, 4T, 5T, 6;Bebés
331;Tenis para niño casuales caña alta;149990.00;NULL;Imagen no disponible;22, 23, 24, 25, 26, 27, 28, 29;Bebés
332;Chaleco para niño enguantado;139990.00;NULL;Imagen no disponible;XS, XXS;Bebés
333;Chaqueta para niño acolchada con capucha;159990.00;NULL;Imagen no disponible;L, M, S;Bebés
334;Pantaloneta de baño para niño con estampado divertido;109990.00;NULL;Imagen no disponible;10, 2T, 3T, 4T, 5T, 6, 8;Bebés
335;Sandalias para niño playeras;119990.00;NULL;Imagen no disponible;22, 23, 24, 25, 26, 27, 28, 29, 21;Bebés
336;Antifaz para niño;24990.00;NULL;Imagen no disponible;M, S;Bebés
337;Tenis para niño deportivos con luces;179990.00;NULL;Imagen no disponible;22, 23, 24, 25, 26, 27, 28, 29;Bebés
338;Camiseta para niño de transformers manga corta;65990.00;NULL;Imagen no disponible;4T, 6;Bebés
339;Botas plásticas para niño;145990.00;NULL;Imagen no disponible;22, 23, 24, 25, 26, 27, 28, 29, 30, 31, 32, 33;Bebés
340;Conjunto para niño de camiseta manga corta + bermuda;159990.00;NULL;Imagen no disponible;4T, 6;Bebés
341;Botas plásticas para niño;145990.00;NULL;Imagen no disponible;22, 23, 24, 25, 26, 27, 28, 29, 30, 31, 32, 33;Bebés
342;Camiseta manga corta + máscara para niño;75990.00;NULL;Imagen no disponible;4T, 6;Bebés
343;Camiseta para niño de transformers manga corta;65990.00;NULL;Imagen no disponible;4T, 6;Bebés
344;Camiseta para niño de transformers manga corta;65990.00;NULL;Imagen no disponible;4T, 6;Bebés
345;Jogger para niño;81193.00;115990.00;https://offcorss.vtexassets.com/arquivos/ids/870054/41265161-Gris-19-4007_1.jpg?v=638623660982000000;2T, 3T, 4T, 5T, 6;Bebés
346;Camiseta + máscara para niño;75990.00;NULL;Imagen no disponible;2T, 3T, 4T, 6, 5T;Bebés
347;Jean silueta slim para niño;119990.00;NULL;https://offcorss.vtexassets.com/arquivos/ids/863555/Jean-silueta-slim-para-bebe-niño.jpg?v=638600394768830000;2T, 3T, 4T, 5T, 6;Bebés
348;Camiseta para niño de transformers manga corta;65990.00;NULL;Imagen no disponible;4T, 6;Bebés
349;Bermuda para niño con bolsillos;95990.00;NULL;Imagen no disponible;2T, 3T, 4T, 5T, 6;Bebés
350;Tenis para niño deportivos;149990.00;NULL;https://offcorss.vtexassets.com/arquivos/ids/855011/41106241-Azul-19-3921_1.jpg?v=638540300144430000;22, 23, 24, 25, 26, 27, 28, 29;Bebés
351;Camiseta manga corta para niño con textura;55990.00;NULL;Imagen no disponible;2T, 3T, 4T, 5T, 6;Bebés
352;Camisa manga larga para niño;115990.00;NULL;Imagen no disponible;2T, 3T, 4T, 5T, 6;Bebés
353;Buzo para niño abierto con capucha y estampado;109990.00;NULL;Imagen no disponible;2T, 3T, 4T, 5T, 6;Bebés
354;Camiseta para niño manga corta con gráfico;55990.00;NULL;Imagen no disponible;2T, 3T, 4T, 5T, 6;Bebés
355;Bermuda para niño con bosillos grandes;95990.00;NULL;Imagen no disponible;2T, 3T, 4T, 5T, 6;Bebés
356;Camiseta para niño manga corta con gráfico;55990.00;NULL;Imagen no disponible;2T, 3T, 4T, 5T, 6;Bebés
357;Camiseta para niño tipo polo;75990.00;NULL;Imagen no disponible;2T, 3T, 4T, 5T, 6;Bebés
358;Camisa manga larga para niño;115990.00;NULL;https://offcorss.vtexassets.com/arquivos/ids/858099/41048022-Amarillo-11-0604_1.jpg?v=638548356781400000;2T, 3T, 4T, 5T, 6;Bebés
359;Conjunto para niño de camiseta + pantalón;145990.00;NULL;Imagen no disponible;2T, 3T, 4T, 5T, 6;Bebés
360;Conjunto para niño de camiseta + bermuda;109990.00;NULL;Imagen no disponible;2T, 3T, 4T, 5T, 6;Bebés
361;Tenis para niño deportivos;149990.00;NULL;Imagen no disponible;22, 23, 24, 25, 26, 27, 28, 29;Bebés
362;Sudadera para niño;89990.00;NULL;Imagen no disponible;2T, 3T, 4T, 5T, 6;Bebés
363;Pantalón para niño silueta jogger;115990.00;NULL;Imagen no disponible;2T, 3T, 4T, 5T, 6;Bebés
364;Sudadera para niño;89990.00;NULL;Imagen no disponible;2T, 3T, 4T, 5T, 6;Bebés
365;Tenis para niño que alumbran en la oscuridad;155990.00;NULL;Imagen no disponible;22, 23, 24, 25, 26, 27, 28, 29;Bebés
366;Bermuda para niño con cordón;65990.00;NULL;Imagen no disponible;2T, 3T, 4T, 5T, 6;Bebés
367;Camiseta para niño manga corta con detalle en neón;55990.00;NULL;Imagen no disponible;2T, 3T, 4T, 5T, 6;Bebés
368;Camiseta para niño tipo polo;75990.00;NULL;Imagen no disponible;2T, 3T, 4T, 5T, 6;Bebés
369;Conjunto para niño de camiseta + bermuda;119990.00;NULL;Imagen no disponible;2T, 3T, 4T, 5T, 6;Bebés
370;Pijama para niño conjunto de camiseta manga larga + sudadera;105990.00;NULL;Imagen no disponible;2T, 3T, 4T, 5T, 6;Bebés
371;Pijama para niño conjunto de camiseta manga corta + bermuda;95990.00;NULL;Imagen no disponible;2T, 3T, 4T, 5T, 6;Bebés
372;Pijama para niño conjunto de camiseta manga corta + bermuda;95990.00;NULL;Imagen no disponible;2T, 3T, 4T, 5T, 6;Bebés
373;Pijama para niño conjunto de camiseta manga corta + bermuda;95990.00;NULL;Imagen no disponible;2T, 3T, 4T, 5T, 6;Bebés
374;Pijama para niño conjunto de camiseta manga corta + sudadera;95990.00;NULL;Imagen no disponible;2T, 3T, 4T, 5T, 6;Bebés
375;Pijama para niño conjunto de camiseta manga larga + pantalón;99990.00;NULL;Imagen no disponible;2T, 3T, 4T, 5T, 6;Bebés
376;Jean super slim para niño;124990.00;NULL;Imagen no disponible;2T, 3T, 4T, 5T, 6;Bebés
377;Pijama para niño conjunto de camiseta manga corta + sudadera;95990.00;NULL;Imagen no disponible;2T, 3T, 4T, 5T, 6;Bebés
378;Pijama para niño conjunto de camiseta manga larga + pantalón;99990.00;NULL;Imagen no disponible;2T, 3T, 4T, 5T, 6;Bebés
379;Buzo cerrado con capucha para unisex;63594.00;105990.00;Imagen no disponible;2T, 3T, 4T, 5T, 6;Bebés
380;Camiseta manga corta para niño;75990.00;NULL;Imagen no disponible;2T, 3T, 4T, 5T, 6;Bebés
381;Sandalia playera de reata para niño;119990.00;NULL;https://offcorss.vtexassets.com/arquivos/ids/852653/41106202-Negro-19-4008_1.jpg?v=638515688059670000;22, 23, 24, 25, 26, 27, 28, 29;Bebés
382;Sandalia playera de reata para niño;119990.00;NULL;https://offcorss.vtexassets.com/arquivos/ids/852629/41106201-Verde-19-5406_1.jpg?v=638515687961170000;22, 23, 24, 25, 26, 27, 28, 29, 21;Bebés
383;Pantalón tipo parachute para niño;115990.00;NULL;Imagen no disponible;2T, 3T, 4T, 5T, 6;Bebés
384;Camisa manga corta para niño;62993.00;89990.00;https://offcorss.vtexassets.com/arquivos/ids/867411/41047981-Rosado-13-1406_1.jpg?v=638617466507730000;12M, 18M, 24M, 2T, 3T, 4T, 5T, 6, 6-9M;Bebés
385;Pantaloneta de baño para niño;95990.00;NULL;Imagen no disponible;2T, 3T, 4T, 5T, 6;Bebés
386;Sweater para niño;139990.00;NULL;Imagen no disponible;XS, XXS;Bebés
387;Pantaloneta de baño doble faz para niño;109990.00;NULL;Imagen no disponible;2T, 3T, 4T, 5T, 6;Bebés
388;Camiseta de baño manga larga para niño;99990.00;NULL;Imagen no disponible;2T, 3T, 4T, 5T, 6;Bebés
389;Camiseta de baño manga larga para niño;105990.00;NULL;Imagen no disponible;2T, 3T, 4T, 5T, 6;Bebés
390;Camiseta de baño manga larga para niño;105990.00;NULL;Imagen no disponible;2T, 3T, 4T, 5T, 6;Bebés
391;Camisa manga corta para niño;89990.00;NULL;Imagen no disponible;2T, 3T, 4T, 5T, 6;Bebés
392;Pantaloneta de baño doble faz para niño;109990.00;NULL;Imagen no disponible;2T, 3T, 4T, 5T, 6;Bebés
393;Sudadera para niño;71994.00;119990.00;Imagen no disponible;XS, XXS;Bebés
394;Camiseta manga sisa para niño;32193.00;45990.00;Imagen no disponible;2T, 3T, 4T, 5T, 6;Bebés
395;Camiseta manga sisa para niño;32193.00;45990.00;Imagen no disponible;2T, 3T, 4T, 5T, 6;Bebés
396;Camisa manga corta para niño;89990.00;NULL;Imagen no disponible;2T, 3T, 4T, 5T, 6;Bebés
397;Buzo abierto con capucha para niño;109990.00;NULL;Imagen no disponible;2T, 3T, 4T, 5T, 6;Bebés
398;Camiseta manga corta para niño;49990.00;NULL;Imagen no disponible;2T, 3T, 4T, 5T, 6;Bebés
399;Chaqueta en denim con bolsillos para niño;149990.00;NULL;Imagen no disponible;L, M, S;Bebés
400;Denim silueta jogger con rotos para niño;119990.00;NULL;Imagen no disponible;2T, 3T, 4T, 5T, 6;Bebés
401;Pantalón de sudadera para niño;89990.00;NULL;Imagen no disponible;2T, 3T, 4T, 5T, 6;Bebés
402;Bermuda silueta cargo para niño;99990.00;NULL;Imagen no disponible;2T, 3T, 4T, 5T, 6;Bebés
403;Bermuda con bolsillos para niño;65990.00;NULL;Imagen no disponible;2T, 3T, 4T, 5T, 6;Bebés
404;Conjunto de buzo cerrado + sudadera para niño;179990.00;NULL;Imagen no disponible;2T, 3T, 4T, 5T, 6;Bebés
405;Camiseta manga corta para niño;49990.00;NULL;Imagen no disponible;2T, 3T, 4T, 5T, 6;Bebés
406;Camiseta manga corta para niño;49990.00;NULL;Imagen no disponible;2T, 3T, 4T, 5T, 6;Bebés
407;Camisa manga corta para niño;89990.00;NULL;Imagen no disponible;2T, 3T, 4T, 5T, 6;Bebés
408;Conjunto de camiseta oversize + bermuda para niño;109990.00;NULL;Imagen no disponible;2T, 3T, 4T, 5T, 6;Bebés
409;Camiseta manga corta para niño;49990.00;NULL;Imagen no disponible;2T, 3T, 4T, 5T, 6;Bebés
410;Camiseta tipo polo para niño;75990.00;NULL;Imagen no disponible;2T, 3T, 4T, 5T, 6;Bebés
411;Camiseta manga corta para niño;49990.00;NULL;Imagen no disponible;2T, 3T, 4T, 5T, 6;Bebés
412;Camiseta tipo polo para niño;75990.00;NULL;Imagen no disponible;2T, 3T, 4T, 5T, 6;Bebés
413;Camiseta oversize manga corta para niño;49990.00;NULL;Imagen no disponible;2T, 3T, 4T, 5T, 6;Bebés
414;Tenis casuales para niño;135990.00;NULL;Imagen no disponible;22, 23, 24, 25, 26, 27, 28, 29;Bebés
415;Denim silueta slim para niño;119990.00;NULL;Imagen no disponible;2T, 3T, 4T, 5T, 6;Bebés
416;Camiseta manga corta para niño;49990.00;NULL;https://offcorss.vtexassets.com/arquivos/ids/834957/41337291-Amarillo-11-0604_1.jpg?v=638446404841930000;2T, 3T, 4T, 5T, 6;Bebés
417;Tenis casuales para niño;135990.00;NULL;Imagen no disponible;22, 23, 24, 25, 26, 27, 28, 29;Bebés
418;Sudadera para niño;89990.00;NULL;Imagen no disponible;2T, 3T, 4T, 5T, 6;Bebés
419;Camiseta manga corta para niño;49990.00;NULL;Imagen no disponible;2T, 3T, 4T, 5T, 6, 8;Bebés
420;Camiseta manga corta para niño;49990.00;NULL;Imagen no disponible;2T, 3T, 4T, 5T, 6;Bebés
421;Denim silueta wide leg para niño;119990.00;NULL;https://offcorss.vtexassets.com/arquivos/ids/834997/41361411-Indigo-Oscuro_1.jpg?v=638446405030830000;2T, 3T, 4T, 5T, 6;Bebés
422;Overall largo para niño;145990.00;NULL;Imagen no disponible;10, 2T, 3T, 4T, 5T, 6, 8;Bebés
423;Pantalón para niño;109990.00;NULL;Imagen no disponible;2T, 3T, 4T, 5T, 6;Bebés
424;Buzo cerrado sin capucha para niño;95990.00;NULL;https://offcorss.vtexassets.com/arquivos/ids/838402/41531001-Azul-19-4150_10.jpg?v=638449056126100000;2T, 3T, 4T, 5T, 6;Bebés
425;Buzo cerrado con capucha para niño;105990.00;NULL;https://offcorss.vtexassets.com/arquivos/ids/838398/41530991-Verde-13-0111_10.jpg?v=638449048091000000;2T, 3T, 4T, 5T, 6;Bebés
426;Chaqueta acolchada para niño;215990.00;NULL;https://offcorss.vtexassets.com/arquivos/ids/835007/41530891-Cafe-12-0601_1.jpg?v=638446405084370000;2T, 3T, 4T, 5T, 6;Bebés
427;Chaqueta blazer para niño;149990.00;NULL;Imagen no disponible;2T, 3T, 4T, 5T, 6;Bebés
428;Tenis bota para niño;149990.00;NULL;Imagen no disponible;22, 23, 24, 25, 26, 27, 28, 29;Bebés
429;Correa para niño;49990.00;NULL;Imagen no disponible;L, M, S;Bebés
430;Camisa manga larga con corbatín para niño;116990.00;NULL;Imagen no disponible;2T, 3T, 4T, 5T, 6;Bebés
431;Bermuda para niño;105990.00;NULL;Imagen no disponible;2T, 3T, 4T, 5T, 6;Bebés
432;Chaqueta beisbolera para niño;165990.00;NULL;https://offcorss.vtexassets.com/arquivos/ids/838410/41531021-Cafe-16-1010_10.jpg?v=638449075158870000;2T, 3T, 4T, 5T, 6;Bebés
433;Botas plásticas impermeables para niño;102193.00;145990.00;Imagen no disponible;21, 22, 23, 24, 25, 26, 27, 28, 29, 30, 31, 32, 33;Bebés
434;Chaqueta acolchada para niño;199990.00;NULL;https://offcorss.vtexassets.com/arquivos/ids/835022/41530901-Gris-16-0000_1.jpg?v=638446405150770000;2T, 3T, 4T, 5T, 6;Bebés
435;Pantalón para niño;109990.00;NULL;Imagen no disponible;2T, 3T, 4T, 5T, 6;Bebés
436;Camiseta manga corta para niño;49990.00;NULL;Imagen no disponible;2T, 3T, 4T, 5T, 6;Bebés
437;Camiseta polo manga corta para niño;75990.00;NULL;Imagen no disponible;2T, 3T, 4T, 5T, 6;Bebés
438;Camiseta manga corta para niño;49990.00;NULL;Imagen no disponible;2T, 3T, 4T, 5T, 6;Bebés
439;Buzo abierto con capucha para niño;109990.00;NULL;https://offcorss.vtexassets.com/arquivos/ids/835032/41531011-Amarillo-11-0604_1.jpg?v=638446405197800000;2T, 3T, 4T, 5T, 6;Bebés
440;Bermuda para niño;95990.00;NULL;Imagen no disponible;2T, 3T, 4T, 5T, 6;Bebés
441;Conjunto de camiseta + bermuda para niño;119990.00;NULL;Imagen no disponible;2T, 3T, 4T, 5T, 6, 8;Bebés
442;Camiseta manga corta para niño;49990.00;NULL;Imagen no disponible;2T, 3T, 4T, 5T, 6, 8;Bebés
443;Conjunto de camiseta + sudadera para niño;129990.00;NULL;Imagen no disponible;2T, 3T, 4T, 5T, 6;Bebés
444;Botas plásticas impermeables para niño;145990.00;NULL;Imagen no disponible;21, 22, 23, 24, 25, 26, 27, 28, 29, 30, 31, 32, 33;Bebés
445;Bermuda para niño;95990.00;NULL;https://offcorss.vtexassets.com/arquivos/ids/838057/41058571-Azul-19-3921_1.jpg?v=638448393600230000;2T, 3T, 4T, 5T, 6;Bebés
446;Conjunto de camiseta + bermuda para niño;145990.00;NULL;Imagen no disponible;2T, 3T, 4T, 5T, 6;Bebés
447;Tenis casuales para niño;139990.00;NULL;Imagen no disponible;22, 23, 24, 25, 26, 27, 28, 29;Bebés
448;Camisa manga larga con corbatín para niño;116990.00;NULL;Imagen no disponible;2T, 3T, 4T, 5T, 6;Bebés
449;Bermuda para niño;105990.00;NULL;Imagen no disponible;2T, 3T, 4T, 5T, 6;Bebés
450;Camiseta polo manga corta para niño;75990.00;NULL;Imagen no disponible;2T, 3T, 4T, 5T, 6;Bebés
451;Medias caña larga para niño;16990.00;NULL;https://offcorss.vtexassets.com/arquivos/ids/838117/41193121-Amarillo-11-0604_1.jpg?v=638448393907800000;2T-3T, 4T-5T;Bebés
452;Set x2 medias tobilleras para niño;26990.00;NULL;https://offcorss.vtexassets.com/arquivos/ids/838123/41193131-Blanco-10-0000_1.jpg?v=638448393935600000;2T-3T, 4T-5T;Bebés
453;Camiseta manga corta para niño;49990.00;NULL;Imagen no disponible;2T, 3T, 4T, 5T, 6;Bebés
454;Bermuda deportiva con lycra interna para niño;63594.00;105990.00;Imagen no disponible;XS, XXS;Bebés
455;Pantalón de sudadera para niño;89994.00;149990.00;https://offcorss.vtexassets.com/arquivos/ids/858677/51270021-Gris-15-4703_1.jpg?v=638562214269400000;XS, XXS;Bebés
456;Pantaloneta de baño para niño;99990.00;NULL;Imagen no disponible;2T, 3T, 4T, 5T, 6;Bebés
457;Set x 2 Boxer para niño;55990.00;NULL;https://offcorss.vtexassets.com/arquivos/ids/827183/41201081-Negro-19-4008_1.jpg?v=638386880232570000;L, M, S;Bebés
458;Set x 2 Boxer para niño;55990.00;NULL;https://offcorss.vtexassets.com/arquivos/ids/826601/41201082-Azul-19-4024_1.jpg?v=638385019789530000;L, M, S;Bebés
459;Set x 3 Boxer para niño;79990.00;NULL;https://offcorss.vtexassets.com/arquivos/ids/827195/41201091-Gris-Jaspe_1.jpg?v=638386880396730000;L, M, S;Bebés
460;Camiseta manga corta para niño;39990.00;NULL;https://offcorss.vtexassets.com/arquivos/ids/826628/41336921-Blanco-10-0000_1.jpg?v=638385019910570000;2T, 3T, 4T, 5T, 6;Bebés
461;Camiseta manga sisa para niño;35990.00;NULL;https://offcorss.vtexassets.com/arquivos/ids/826613/41336911-Blanco-10-0000_1.jpg?v=638385019851800000;2T, 3T, 4T, 5T, 6;Bebés
462;Vestido de tiras para niña;115990.00;NULL;Imagen no disponible;10, 12, 14, 16, 8;Niñas
463;Pantalón para niña wide leg con prenses;135990.00;NULL;Imagen no disponible;10, 12, 14, 16, 8;Niñas
464;Camisa para niña con espalda cruzada;99990.00;NULL;Imagen no disponible;10, 12, 14, 16, 8;Niñas
465;Camiseta para niña con bordado;69990.00;NULL;Imagen no disponible;10, 12, 14, 16, 8;Niñas
466;Conjunto para niña de camiseta + falda;149990.00;NULL;Imagen no disponible;10, 12, 14, 16, 8;Niñas
467;Short para niña en denim con cortes;115990.00;NULL;Imagen no disponible;10, 12, 14, 16, 8;Niñas
468;Short para niña con bolsilos;115990.00;NULL;Imagen no disponible;10, 12, 14, 16, 8;Niñas
469;Body para niña con abertura en espalda;90990.00;NULL;Imagen no disponible;10, 12, 14, 16, 8;Niñas
470;Buzo para niña cerrado con cuello alto;115990.00;NULL;Imagen no disponible;10, 12, 14, 16, 8;Niñas
471;Enterizo para niña;140990.00;NULL;Imagen no disponible;10, 12, 14, 16, 8;Niñas
472;Short para niña con prenses;99990.00;NULL;Imagen no disponible;10, 12, 14, 16, 8;Niñas
473;Jean para niña wide leg con bolsillos;149990.00;NULL;Imagen no disponible;10, 12, 14, 16, 8;Niñas
474;Chaqueta blazer para niña con bolsillos;155990.00;NULL;Imagen no disponible;L, M, S, XS, XXS;Niñas
475;Pantalón para niña recto con bolsillos de parche;135990.00;NULL;Imagen no disponible;10, 12, 14, 16, 8;Niñas
476;Camiseta para niña con bordado;69990.00;NULL;Imagen no disponible;10, 12, 14, 16, 8;Niñas
477;Camiseta crop top para niña;49990.00;NULL;Imagen no disponible;10, 12, 14, 16, 8;Niñas
478;Camiseta crop top para niña;49990.00;NULL;Imagen no disponible;10, 12, 14, 16, 8;Niñas
479;Camisa para niña con detalle de nido de abejas;99990.00;NULL;Imagen no disponible;10, 12, 14, 16, 8;Niñas
480;Tenis deportivos para niña;169990.00;NULL;Imagen no disponible;30, 31, 32, 33, 34, 35, 36, 37, 38, 39;Niñas
481;Camiseta para niña manga corta;59990.00;NULL;Imagen no disponible;10, 12, 14, 16, 8;Niñas
482;Jean para niña skinny con detalles en glitter;145990.00;NULL;Imagen no disponible;10, 12, 14, 16, 8;Niñas
483;Gorra para niña;55990.00;NULL;Imagen no disponible;L, M, S;Niñas
484;Sandalias para niña con correas;135990.00;NULL;Imagen no disponible;30, 31, 32, 33, 34, 35, 36, 37;Niñas
485;Conjunto para niña de camiseta + jardinera;145990.00;NULL;Imagen no disponible;10, 12, 14, 16, 8;Niñas
486;Conjunto para niña de camiseta + overol;165990.00;NULL;Imagen no disponible;10, 12, 14, 16, 8;Niñas
487;Chaqueta parka para niña;189990.00;NULL;Imagen no disponible;L, M, S, XS, XXS;Niñas
488;Jean para niña Skinny con detalle en botas;145990.00;NULL;Imagen no disponible;10, 12, 14, 16, 8;Niñas
489;Tenis casuales para niña metalizados con luces;165990.00;NULL;Imagen no disponible;30, 31, 32, 33, 34, 35, 36;Niñas
490;Camiseta crop top para niña;49990.00;NULL;Imagen no disponible;10, 12, 14, 16, 8;Niñas
491;Camiseta crop top para niña;59990.00;NULL;Imagen no disponible;10, 12, 14, 16, 8;Niñas
492;Pantalón para niña wide leg con bolsillos cargo;139990.00;NULL;Imagen no disponible;10, 12, 14, 16, 8;Niñas
493;Camiseta para niña manga corta;69990.00;NULL;Imagen no disponible;10, 12, 14, 16, 8;Niñas
494;Tenis para niña casuales;175990.00;NULL;Imagen no disponible;30, 31, 32, 33, 34, 35, 36, 37, 38, 39;Niñas
495;Vestido para niña con abertura en espalda;125990.00;NULL;Imagen no disponible;10, 12, 14, 16, 8;Niñas
496;Camiseta crop top para niña;59990.00;NULL;Imagen no disponible;10, 12, 14, 16, 8;Niñas
497;Camiseta para niña manga corta;59990.00;NULL;Imagen no disponible;10, 12, 14, 16, 8;Niñas
498;Sudadera para niña color rosado;115990.00;NULL;Imagen no disponible;10, 12, 14, 16, 8;Niñas
499;Sudadera para niña color rosado;81193.00;115990.00;https://offcorss.vtexassets.com/arquivos/ids/864079/52270631-Rosado-12-1305_1.jpg?v=638605571655600000;10, 12, 14, 16, 8;Niñas
500;Tenis para niña casuales con bloques de color;165990.00;NULL;Imagen no disponible;30, 31, 32, 33, 34, 35, 36, 37, 38, 39;Niñas
501;Tenis para niña casuales con bloques de color;159990.00;NULL;Imagen no disponible;30, 31, 32, 33, 34, 35, 36, 37, 38, 39;Niñas
502;Chaleco para niña oversize;139990.00;NULL;Imagen no disponible;L, M, S;Niñas
503;Botas para niña con elástico en laterales con correa;179990.00;NULL;Imagen no disponible;30, 31, 32, 33, 34, 35, 36, 37, 38, 39;Niñas
504;Chaqueta para niña acolchada;175990.00;NULL;Imagen no disponible;L, M, S;Niñas
505;Tenis para niña caña alta con cordones en contraste;175990.00;NULL;Imagen no disponible;30, 31, 32, 33, 34, 35, 36, 37, 38, 39;Niñas
506;Disfraz de safari para niña;149990.00;NULL;Imagen no disponible;10, 12, 14, 16, 8;Niñas
507;Chaqueta para niña acolchada;175990.00;NULL;Imagen no disponible;L, M, S;Niñas
508;Buzo para niña oversize con corte asimétrico;109990.00;NULL;Imagen no disponible;10, 12, 14, 16, 8;Niñas
509;Jean wide leg para niña con abertura en botas;149990.00;NULL;Imagen no disponible;10, 12, 14, 16, 8;Niñas
510;Chaqueta para niño tipo bomber;219990.00;NULL;Imagen no disponible;L, M, S, XS, XXS;Niños
511;Camisa para niño manga corta;95990.00;NULL;Imagen no disponible;10, 12, 14, 16, 8;Niños
512;Camisa para niño manga larga con corbatín;129990.00;NULL;Imagen no disponible;10, 12, 14, 16, 8;Niños
513;Correa para niño;59990.00;NULL;Imagen no disponible;L, M, S, XS, XXS;Niños
514;Camisa para niño manga corta con corbatin;109990.00;NULL;Imagen no disponible;10, 12, 14, 16, 8;Niños
515;Buzo para niño abierto con capucha;129990.00;NULL;Imagen no disponible;10, 12, 14, 16, 8;Niños
516;Pantalón clásico para niño;125990.00;NULL;Imagen no disponible;10, 12, 14, 16, 8;Niños
517;Tenis para niño casuales;165990.00;NULL;Imagen no disponible;30, 31, 32, 33, 34, 35, 36, 37, 38, 39;Niños
518;Tenis deportivos para niño;169990.00;NULL;Imagen no disponible;30, 31, 32, 33, 34, 35, 36, 37, 38, 39;Niños
519;Camiseta para niño manga corta;59990.00;NULL;Imagen no disponible;10, 12, 14, 16, 8;Niños
520;Camisa para niño manga corta;95990.00;NULL;Imagen no disponible;10, 12, 14, 16, 8;Niños
521;Tenis bota para niño;175990.00;NULL;Imagen no disponible;30, 31, 32, 33, 34, 35, 36, 37, 38, 39;Niños
522;Conjunto para niño de camiseta + bermuda;149990.00;NULL;Imagen no disponible;10, 12, 14, 16, 8;Niños
523;Camiseta tipo polo para niño;79990.00;NULL;Imagen no disponible;10, 12, 14, 16, 8;Niños
524;Camisa para niño manga corta con corbatin;109990.00;NULL;Imagen no disponible;10, 12, 14, 16, 8;Niños
525;Camiseta tipo polo para niño;79990.00;NULL;Imagen no disponible;10, 12, 14, 16, 8;Niños
526;Sudadera para niño con estampado;115990.00;NULL;Imagen no disponible;10, 12, 14, 16, 8;Niños
527;Camiseta para niño manga corta efecto tie dye;65990.00;NULL;Imagen no disponible;10, 12, 14, 16, 8;Niños
528;Conjunto para niño de camiseta + sudadera;159990.00;NULL;Imagen no disponible;10, 12, 14, 16, 8;Niños
529;Camiseta para niño manga corta con bolsillo;59990.00;NULL;Imagen no disponible;10, 12, 14, 16, 8;Niños
530;Jogger para niño con cordón;145990.00;NULL;Imagen no disponible;10, 12, 14, 16, 8;Niños
531;Bermuda para niño con bolsillos cargo;115990.00;NULL;Imagen no disponible;10, 12, 14, 16, 8;Niños
532;Camisa para niño manga larga con bolsillo;109990.00;NULL;Imagen no disponible;12, 10, 14, 16, 8;Niños
533;Tenis casuales para niño;159990.00;NULL;Imagen no disponible;30, 31, 32, 33, 34, 35, 36, 37, 38, 39;Niños
534;Tenis para niño tipo bota;155990.00;NULL;Imagen no disponible;, 31, 32, 33, 34, 35;Niños
535;Camiseta blanca para niño manga corta;59990.00;NULL;Imagen no disponible;10, 12, 14, 16, 8;Niños
536;Jean super slim para niño;139990.00;NULL;Imagen no disponible;10, 12, 14, 16, 8;Niños
537;Camisa para niño manga larga con bolsillo;109990.00;NULL;Imagen no disponible;12, 10, 14, 16, 8;Niños
538;Camiseta para niño manga corta con estampado;59990.00;NULL;Imagen no disponible;10, 12, 14, 16, 8;Niños
539;Jean para niño slim con bolsillos;139990.00;NULL;Imagen no disponible;10, 12, 14, 16, 8;Niños
540;Camiseta para niño manga corta;59990.00;NULL;Imagen no disponible;10, 12, 14, 16, 8;Niños
541;Bermuda para niño;105990.00;NULL;Imagen no disponible;10, 12, 14, 16, 8;Niños
542;Tenis para niño casuales en sintético mate;155990.00;NULL;Imagen no disponible;30, 31, 32, 33, 34, 35, 36, 37, 38, 39;Niños
543;Tenis para niño casuales caña media;175990.00;NULL;Imagen no disponible;30, 31, 32, 33, 34, 35, 36, 37, 38, 39;Niños
544;Tenis para niño casuales mate;159990.00;NULL;Imagen no disponible;30, 31, 32, 33, 34, 35, 36, 37, 38, 39;Niños
545;Chaqueta para niño tipo bomber;175990.00;NULL;Imagen no disponible;L, M, S;Niños
546;Chaleco para niño enguantado;139990.00;NULL;Imagen no disponible;L, M, S;Niños
547;Tenis para niño casuales en sintético mate;155990.00;NULL;Imagen no disponible;30, 31, 32, 33, 34, 35, 36, 37, 38, 39;Niños
548;Medias para niño de transformers caña corta;19990.00;NULL;https://offcorss.vtexassets.com/arquivos/ids/863529/Medias-para-niño-de-transformers-caña-corta-.jpg?v=638600394640700000;6-8, 8-10, 9-11;Niños
549;Chaqueta para niño tipo bomber;175990.00;NULL;Imagen no disponible;L, M, S;Niños
550;Tenis para niño casuales caña media;169990.00;NULL;Imagen no disponible;30, 31, 32, 33, 34, 35, 36, 37, 38, 39;Niños
551;Tenis con luces para niño de transformers caña media;179990.00;NULL;Imagen no disponible;25, 26, 27, 28, 29, 30, 31, 32, 33, 34, 35;Niños
552;Sandalias para niño;64393.00;91990.00;Imagen no disponible;30, 31, 32, 33, 34, 35, 36, 37, 38, 39;Niños
553;Camiseta oversize para niño manga corta;75990.00;NULL;Imagen no disponible;10, 12, 14, 16, 8;Niños
554;Jean wide leg para niño;139990.00;NULL;Imagen no disponible;10, 12, 14, 16, 8;Niños
555;Camiseta para niño de transformers manga corta;65990.00;NULL;Imagen no disponible;10, 12, 14, 16, 8;Niños
556;Buzo de transformers para niño abierto con capucha;169990.00;NULL;Imagen no disponible;10, 12, 14, 16, 8;Niños
557;Camiseta para niño de transformers manga corta;65990.00;NULL;Imagen no disponible;10, 12, 14, 16, 8;Niños
558;Tenis para niño casuales;169990.00;NULL;Imagen no disponible;30, 31, 32, 33, 34, 35, 36, 37, 38, 39;Niños
559;Camiseta oversize para niño manga corta con bolsillo en el frente;75990.00;NULL;Imagen no disponible;10, 12, 14, 16, 8;Niños
560;Jean super slim para niño;139990.00;NULL;https://offcorss.vtexassets.com/arquivos/ids/863580/Jean-super-slim-para-niño.jpg?v=638600394904470000;10, 12, 14, 16, 8;Niños
561;Bermuda para niño con textura;85990.00;NULL;Imagen no disponible;10, 12, 14, 16, 8;Niños
562;Tenis para niño silueta skate;169990.00;NULL;Imagen no disponible;30, 31, 32, 33, 34, 35, 36, 37, 38, 39;Niños
563;Camiseta para niño manga corta;65990.00;NULL;Imagen no disponible;10, 12, 14, 16, 8;Niños
564;Camiseta para niño de transformers manga corta;65990.00;NULL;Imagen no disponible;10, 12, 14, 16, 8;Niños
565;Bermuda para niño;85990.00;NULL;Imagen no disponible;10, 12, 14, 16, 8;Niños
566;Buzo para niño cerrado con capucha;139990.00;NULL;Imagen no disponible;10, 12, 14, 16, 8;Niños
567;Pantalón wide leg para niño;145990.00;NULL;Imagen no disponible;10, 12, 14, 16, 8;Niños
568;Camiseta polo manga corta para niño;79990.00;NULL;https://offcorss.vtexassets.com/arquivos/ids/858687/51343661-Azul-19-3921_1.jpg?v=638562229182100000;10, 12, 14, 16, 8;Niños
569;Sudadera para niño;115990.00;NULL;Imagen no disponible;10, 12, 14, 16, 8;Niños
570;Camiseta para niño manga corta;69990.00;NULL;Imagen no disponible;10, 12, 14, 16, 8;Niños
571;Conjunto para niño de camiseta manga corta + bermuda;159990.00;NULL;Imagen no disponible;10, 12, 14, 16, 8;Niños
572;Camiseta manga corta + máscara para niño;75990.00;NULL;Imagen no disponible;10, 12, 14, 16, 8;Niños
573;Camiseta para niño de transformers manga corta;65990.00;NULL;Imagen no disponible;10, 12, 14, 16, 8;Niños
574;Camiseta polo manga corta para niño;79990.00;NULL;https://offcorss.vtexassets.com/arquivos/ids/858682/51343671-Amarillo-11-0604_1.jpg?v=638562221574000000;10, 12, 14, 16, 8;Niños
575;Camisa para niño manga corta;105990.00;NULL;Imagen no disponible;10, 12, 14, 16, 8;Niños
576;Tenis para niño deportivos;175990.00;NULL;Imagen no disponible;30, 31, 32, 33, 34, 35, 36, 37, 38, 39;Niños
577;Camisa para niño manga larga;129990.00;NULL;Imagen no disponible;10, 12, 14, 16, 8;Niños
578;Camisa para niño manga larga;129990.00;NULL;Imagen no disponible;10, 12, 14, 16, 8;Niños
579;Tenis para niño deportivos;169990.00;NULL;Imagen no disponible;30, 31, 32, 33, 34, 35, 36, 37, 38, 39;Niños
580;Medias para niño caña larga;19990.00;NULL;https://offcorss.vtexassets.com/arquivos/ids/856106/51193392-Amarillo-12-0824_1.jpg?v=638540342494730000;6-8, 8-10, 9-11;Niños
581;Medias para niño caña larga;19990.00;NULL;https://offcorss.vtexassets.com/arquivos/ids/856103/51193391-Azul-13-4304_1.jpg?v=638540342390270000;6-8, 8-10, 9-11;Niños
582;Camiseta para niño manga corta;65990.00;NULL;Imagen no disponible;10, 12, 14, 16, 8;Niños
583;Jean para niño silueta super slim;139990.00;NULL;Imagen no disponible;10, 12, 14, 16, 8;Niños
584;Camiseta para niño tipo polo;79990.00;NULL;Imagen no disponible;10, 12, 14, 16, 8;Niños
585;Sudadera para niño;69594.00;115990.00;Imagen no disponible;10, 12, 14, 16, 8;Niños
586;Medias para niño caña larga;19990.00;NULL;https://offcorss.vtexassets.com/arquivos/ids/856109/51193393-Negro-19-4008_1.jpg?v=638540342630830000;6-8, 8-10, 9-11;Niños
587;Conjunto para niño de camiseta + pantalón;165990.00;NULL;Imagen no disponible;10, 12, 14, 16, 8;Niños
588;Tenis para niño deportivos;175990.00;NULL;Imagen no disponible;30, 31, 32, 33, 34, 35, 36, 37, 38, 39;Niños
589;Bermuda para niño de tie dye;96990.00;NULL;Imagen no disponible;10, 12, 14, 16, 8;Niños
590;Conjunto para niño de camiseta + sudadera;95994.00;159990.00;Imagen no disponible;10, 12, 14, 16, 8;Niños
591;Conjunto para niño de camiseta + bermuda;149990.00;NULL;Imagen no disponible;10, 12, 14, 16, 8;Niños
592;Pantalón para niño con bolsillos;129990.00;NULL;Imagen no disponible;10, 12, 14, 16, 8;Niños
593;Camiseta para niño manga corta con gráfico en espalda;59990.00;NULL;Imagen no disponible;10, 12, 14, 16, 8;Niños
594;Conjunto para niño de camiseta + bermuda;83994.00;139990.00;Imagen no disponible;10, 12, 14, 16, 8;Niños
595;Camisa manga corta para niño;69594.00;115990.00;Imagen no disponible;10, 12, 14, 16, 8;Niños
596;Sandalias playeras para niño plásticas;91990.00;NULL;https://offcorss.vtexassets.com/arquivos/ids/853209/51104783-Blanco-10-0000_1.jpg?v=638515690599330000;30, 31, 32, 33, 34, 35, 36, 37, 38, 39;Niños
597;Jean silueta slim para niño 5 bolsillos;139990.00;NULL;Imagen no disponible;10, 12, 14, 16, 8;Niños
598;Sandalias playeras para niño plásticas;91990.00;NULL;Imagen no disponible;30, 31, 32, 33, 34, 35, 36, 37, 38, 39;Niños
599;Pijama para niño conjunto de camiseta manga corta + bermuda;95990.00;NULL;Imagen no disponible;10, 12, 14, 16, 8;Niños
600;Pijama para niño conjunto de camiseta manga larga + sudadera;105990.00;NULL;Imagen no disponible;10, 12, 14, 16, 8;Niños
601;Camiseta manga corta para niña;65990.00;NULL;Imagen no disponible;10, 12, 14, 16, 8;Niños
602;Pijama para niño conjunto de camiseta manga corta + bermuda;95990.00;NULL;Imagen no disponible;10, 12, 14, 16, 8;Niños
603;Pijama para niño conjunto de camiseta manga larga + pantalón;99990.00;NULL;Imagen no disponible;10, 12, 14, 16, 8;Niños
604;Pijama para niño conjunto de camiseta manga corta + bermuda;95990.00;NULL;Imagen no disponible;10, 12, 14, 16, 8;Niños
605;Pijama para niño conjunto de camiseta manga corta + sudadera;95990.00;NULL;Imagen no disponible;10, 12, 14, 16, 8;Niños
606;Pijama para niño conjunto de camiseta manga larga + pantalón;99990.00;NULL;Imagen no disponible;10, 12, 14, 16, 8;Niños
607;Pantalón parachute para niño;97993.00;139990.00;https://offcorss.vtexassets.com/arquivos/ids/854460/51270291-Negro-19-4008_1.jpg?v=638532400074330000;10, 12, 14, 16, 8;Niños
608;Tenis deportivos para niño;165990.00;NULL;https://offcorss.vtexassets.com/arquivos/ids/853239/51104791-Amarillo-11-0604_1.jpg?v=638515690716670000;30, 31, 32, 33, 34, 35, 36, 37, 38, 39;Niños
609;Pijama para niño conjunto de camiseta manga corta + sudadera;95990.00;NULL;Imagen no disponible;10, 12, 14, 16, 8;Niños
610;Camiseta de baño manga larga para niño;76993.00;109990.00;Imagen no disponible;10, 12, 14, 16, 8;Niños
611;Camiseta de baño manga larga para niño;76993.00;109990.00;Imagen no disponible;10, 12, 14, 16, 8;Niños
612;Camisa manga corta para niño;69993.00;99990.00;Imagen no disponible;10, 12, 14, 16, 8;Niños
613;Camisa manga corta para niño;69993.00;99990.00;Imagen no disponible;10, 12, 14, 16, 8;Niños
614;Camiseta manga sisa para niño;34993.00;49990.00;Imagen no disponible;10, 12, 14, 16, 8;Niños
615;Camiseta manga sisa para niño;34993.00;49990.00;Imagen no disponible;10, 12, 14, 16, 8;Niños
616;Guayos para niño;129990.00;NULL;Imagen no disponible;25, 26, 27, 28, 29, 30, 31, 32, 33, 34, 35;Niños
617;Pantaloneta de baño para niño;90993.00;129990.00;Imagen no disponible;10, 12, 14, 16, 8;Niños
618;Sweater para niño;139990.00;NULL;Imagen no disponible;L, M, S;Niños
619;Pantaloneta de baño para niño;90993.00;129990.00;Imagen no disponible;10, 12, 14, 16, 8;Niños
620;Camiseta de baño manga larga para niño;76993.00;109990.00;Imagen no disponible;10, 12, 14, 16, 8;Niños
621;Camisa manga corta para niño;69993.00;99990.00;Imagen no disponible;10, 12, 14, 16, 8;Niños
622;Buzo cerrado con capucha para niño;129990.00;NULL;Imagen no disponible;10, 12, 14, 16, 8;Niños
623;Camiseta manga corta con estampado para niño;59990.00;NULL;Imagen no disponible;10, 12, 14, 16, 8;Niños
624;Camiseta oversize para niño;59990.00;NULL;Imagen no disponible;10, 12, 14, 16, 8;Niños
625;Conjunto de camiseta manga corta + bermuda para niño;165990.00;NULL;Imagen no disponible;10, 12, 14, 16, 8;Niños
626;Chaqueta clásica para niño;165990.00;NULL;Imagen no disponible;L, M, S;Niños
627;Tenis casuales mate para niño;159990.00;NULL;Imagen no disponible;30, 31, 32, 33, 34, 35, 36, 37, 38, 39;Niños
628;Denim silueta super slim para niño;139990.00;NULL;Imagen no disponible;10, 12, 14, 16, 8;Niños
629;Camiseta tipo polo para niño;79990.00;NULL;https://offcorss.vtexassets.com/arquivos/ids/840407/51343032-Rosado-11-1408_10.jpg?v=638455156297030000;10, 12, 14, 16, 8;Niños
630;Pantalón de sudadera para niño;115990.00;NULL;Imagen no disponible;10, 12, 14, 16, 8;Niños
631;Bermuda silueta cargo para niño;115990.00;NULL;Imagen no disponible;10, 12, 14, 16, 8;Niños
632;Camiseta manga corta con estampado para niño;59990.00;NULL;Imagen no disponible;10, 12, 14, 16, 8;Niños
633;Bermuda para niño;85990.00;NULL;Imagen no disponible;10, 12, 14, 16, 8;Niños
634;Camiseta tipo polo para niño;79990.00;NULL;Imagen no disponible;10, 12, 14, 16, 8;Niños
635;Pantalón tipo parachute largo para niño;129990.00;NULL;Imagen no disponible;10, 12, 14, 16, 8;Niños
636;Camiseta oversize manga corta para niño;59990.00;NULL;Imagen no disponible;10, 12, 14, 16, 8;Niños
637;Camiseta oversize manga corta para niño;59990.00;NULL;Imagen no disponible;10, 12, 14, 16, 8;Niños
638;Chaqueta abierta con capucha silueta tipo rompevientos para niño;179990.00;NULL;Imagen no disponible;10, 12, 14, 16, 8;Niños
639;Pantalón tipo parachute largo para niño;129990.00;NULL;Imagen no disponible;10, 12, 14, 16, 8;Niños
640;Camiseta manga corta para niño;59990.00;NULL;Imagen no disponible;10, 12, 14, 16, 8;Niños
641;Camiseta manga corta para niño;59990.00;NULL;Imagen no disponible;10, 12, 14, 16, 8;Niños
642;Camiseta manga corta para niño;59990.00;NULL;Imagen no disponible;10, 12, 14, 16, 8;Niños
643;Bermuda para niño;115990.00;NULL;Imagen no disponible;10, 12, 14, 16, 8;Niños
644;Camisa manga corta con corbatín para niño;63594.00;105990.00;Imagen no disponible;10, 12, 14, 16, 8;Niños
645;Camiseta manga corta para niño;59990.00;NULL;Imagen no disponible;10, 12, 14, 16, 8;Niños
646;Sudadera para niño;125990.00;NULL;Imagen no disponible;10, 12, 14, 16, 8;Niños
647;Camiseta polo manga corta para niño;79990.00;NULL;Imagen no disponible;10, 12, 14, 16, 8;Niños
648;Tenis casuales para niño;155990.00;NULL;Imagen no disponible;30, 31, 32, 33, 34, 35, 36, 37, 38, 39;Niños
649;Tenis bota para niño;169990.00;NULL;Imagen no disponible;30, 31, 32, 33, 34, 35, 36, 37, 38, 39;Niños
650;Tenis casuales para niño;155990.00;NULL;Imagen no disponible;30, 31, 32, 33, 34, 35, 36, 37, 38, 39;Niños
651;Medias tobilleras x 2 para niño;26990.00;NULL;https://offcorss.vtexassets.com/arquivos/ids/838204/51193341-Blanco-10-0000_1.jpg?v=638448394301870000;6/8, 8/10, 9/11;Niños
652;Camisa manga larga para niño;115990.00;NULL;Imagen no disponible;10, 12, 14, 16, 8;Niños
653;Camiseta manga corta para niño;59990.00;NULL;Imagen no disponible;10, 12, 14, 16, 8;Niños
